-- office 1
/*
DROP TABLE "PAYMENT_DETAILS" cascade constraints;
DROP TABLE "PAYMENTS" cascade constraints;
DROP TABLE "WAREHOUSE_IMPORTS" cascade constraints;
DROP TABLE "WAREHOUSE_MANAGES" cascade constraints;
DROP TABLE "EMPLOYEES" cascade constraints;
DROP TABLE "CUSTOMERS" cascade constraints;
DROP TABLE "CARS" cascade constraints;
DROP TABLE "OFFICES" cascade constraints;
*/
/*
SELECT * FROM OFFICES;
SELECT * FROM CARS;
SELECT * FROM CUSTOMERS;
SELECT * FROM EMPLOYEES;
SELECT * FROM PAYMENTS;
SELECT * FROM PAYMENT_DETAILS;
SELECT * FROM WAREHOUSE_MANAGES;
SELECT * FROM WAREHOUSE_IMPORTS;
*/

  CREATE TABLE "OFFICES" 
   (	
    "OFFICEID" VARCHAR2(10), 
	"CITY" VARCHAR2(200), 
	"HOTLINE" VARCHAR2(50),
	CONSTRAINT "OFFICES_PK" PRIMARY KEY ("OFFICEID")
   );

  CREATE TABLE "CARS" 
   (	
    "CARID" VARCHAR2(10), 
	"CARNAME" VARCHAR2(50), 
	"VENDOR" VARCHAR2(50), 
	"PRICE" NUMBER,
	CONSTRAINT "CARS_PK" PRIMARY KEY ("CARID")
   );

  CREATE TABLE "CUSTOMERS" 
   (	
    "CUSID" VARCHAR2(10), 
	"CUSNAME" VARCHAR2(50), 
	"CUSGENDER" VARCHAR2(50), 
	"CUSBIRTH" DATE, 
	"CUSPHONE" VARCHAR2(50), 
	"CUSADDRESS" VARCHAR2(50),
	CONSTRAINT "CUSTOMERS_PK" PRIMARY KEY ("CUSID")
   );

  CREATE TABLE "EMPLOYEES" 
   (	
    "EMPID" VARCHAR2(10), 
	"OFFICEID" VARCHAR2(10), 
	"EMPNAME" VARCHAR2(50), 
	"EMPGENDER" VARCHAR2(50), 
	"EMPBIRTH" DATE, 
	"EMPADDRESS" VARCHAR2(50), 
	"EMPPHONE" VARCHAR2(50), 
	"EMPSALARY" NUMBER,
	CONSTRAINT "EMPLOYEES_PK" PRIMARY KEY ("EMPID"),
	CONSTRAINT "EMPLOYEES_FK" FOREIGN KEY ("OFFICEID") REFERENCES "OFFICES" ("OFFICEID")
   );

  CREATE TABLE "PAYMENTS" 
   (	
    "PAYMENTID" VARCHAR2(10), 
	"CUSID" VARCHAR2(10), 
    	"EMPID" VARCHAR2(10), 
	"PAYMENTDATE" DATE, 
	"TOTALPRICE" NUMBER,
	CONSTRAINT "PAYMENTS_PK" PRIMARY KEY ("PAYMENTID"),
	CONSTRAINT "PAYMENTS_FK" FOREIGN KEY ("CUSID") REFERENCES "CUSTOMERS" ("CUSID"),
	CONSTRAINT "PAYMENTS_FK_2" FOREIGN KEY ("EMPID") REFERENCES "EMPLOYEES" ("EMPID")
   );

  CREATE TABLE "PAYMENT_DETAILS" 
   (	
    "PAYMENTID" VARCHAR2(10), 
	"CARID" VARCHAR2(10), 
	"EXPORTQUANTITY" NUMBER, 
	"PRICEDETAIL" NUMBER,
	CONSTRAINT "PAYMENT_DETAILS_PK" PRIMARY KEY ("PAYMENTID", "CARID"),
    CONSTRAINT "PAYMENT_DETAILS_FK_1" FOREIGN KEY ("PAYMENTID") REFERENCES "PAYMENTS" ("PAYMENTID"),
	CONSTRAINT "PAYMENT_DETAILS_FK_2" FOREIGN KEY ("CARID") REFERENCES "CARS" ("CARID")
   );

  CREATE TABLE "WAREHOUSE_IMPORTS" 
   (	
    "OFFICEID" VARCHAR2(10), 
	"CARID" VARCHAR2(10), 
	"IMPORTDATE" DATE, 
	"IMPORTQUANTITY" NUMBER,
	CONSTRAINT "WH_IMPORTS_PK" PRIMARY KEY ("OFFICEID", "CARID", "IMPORTDATE"),
    CONSTRAINT "WH_IMPORTS_FK_1" FOREIGN KEY ("OFFICEID") REFERENCES "OFFICES" ("OFFICEID"),
    CONSTRAINT "WH_IMPORTS_FK_2" FOREIGN KEY ("CARID") REFERENCES "CARS" ("CARID")
   );

  CREATE TABLE "WAREHOUSE_MANAGES" 
   (	
    "OFFICEID" VARCHAR2(10), 
	"CARID" VARCHAR2(10), 
	"QUANTITY" NUMBER,
	CONSTRAINT "WH_MANAGES_PK" PRIMARY KEY ("OFFICEID", "CARID"),
    CONSTRAINT "WH_MANAGES_FK_1" FOREIGN KEY ("OFFICEID") REFERENCES "OFFICES" ("OFFICEID"),
    CONSTRAINT "WH_MANAGES_FK_2" FOREIGN KEY ("CARID") REFERENCES "CARS" ("CARID")
   );

-- OFFICES
SET DEFINE OFF;
Insert into OFFICES (OFFICEID,CITY,HOTLINE) values ('1','New York','9371231231');

-- CARS
SET DEFINE OFF;
Insert into CARS (CARID,CARNAME,VENDOR,PRICE) values ('1','Mirage','Mitsubishi',24500);
Insert into CARS (CARID,CARNAME,VENDOR,PRICE) values ('2','Daytona','Dodge',43600);
Insert into CARS (CARID,CARNAME,VENDOR,PRICE) values ('3','Pathfinder','Nissan',18700);
Insert into CARS (CARID,CARNAME,VENDOR,PRICE) values ('4','4Runner','Toyota',46800);
Insert into CARS (CARID,CARNAME,VENDOR,PRICE) values ('5','300ZX','Nissan',31000);
Insert into CARS (CARID,CARNAME,VENDOR,PRICE) values ('6','Jimmy','GMC',34400);
Insert into CARS (CARID,CARNAME,VENDOR,PRICE) values ('7','Panamera','Porsche',14700);
Insert into CARS (CARID,CARNAME,VENDOR,PRICE) values ('8','Freelander','Land Rover',43100);
Insert into CARS (CARID,CARNAME,VENDOR,PRICE) values ('9','Sidekick','Suzuki',42500);
Insert into CARS (CARID,CARNAME,VENDOR,PRICE) values ('10','Roadster','Tesla',38300);
Insert into CARS (CARID,CARNAME,VENDOR,PRICE) values ('11','Impreza','Subaru',33900);
Insert into CARS (CARID,CARNAME,VENDOR,PRICE) values ('12','G-Series G30','Chevrolet',19800);
Insert into CARS (CARID,CARNAME,VENDOR,PRICE) values ('13','ZDX','Acura',32000);
Insert into CARS (CARID,CARNAME,VENDOR,PRICE) values ('14','CLK-Class','Mercedes-Benz',23200);
Insert into CARS (CARID,CARNAME,VENDOR,PRICE) values ('15','Ram 1500','Dodge',48100);
Insert into CARS (CARID,CARNAME,VENDOR,PRICE) values ('16','Ranger','Ford',35200);
Insert into CARS (CARID,CARNAME,VENDOR,PRICE) values ('17','Explorer','Ford',12100);
Insert into CARS (CARID,CARNAME,VENDOR,PRICE) values ('18','Thunderbird','Ford',35300);
Insert into CARS (CARID,CARNAME,VENDOR,PRICE) values ('19','Summit','Eagle',38400);
Insert into CARS (CARID,CARNAME,VENDOR,PRICE) values ('20','LHS','Chrysler',44800);
Insert into CARS (CARID,CARNAME,VENDOR,PRICE) values ('21','Express 1500','Chevrolet',49500);
Insert into CARS (CARID,CARNAME,VENDOR,PRICE) values ('22','Space','Mitsubishi',38800);
Insert into CARS (CARID,CARNAME,VENDOR,PRICE) values ('23','Edge','Ford',13900);
Insert into CARS (CARID,CARNAME,VENDOR,PRICE) values ('24','Bonneville','Pontiac',34000);
Insert into CARS (CARID,CARNAME,VENDOR,PRICE) values ('25','Diamante','Mitsubishi',49200);
Insert into CARS (CARID,CARNAME,VENDOR,PRICE) values ('26','Bronco II','Ford',22500);
Insert into CARS (CARID,CARNAME,VENDOR,PRICE) values ('27','SC','Lexus',26900);
Insert into CARS (CARID,CARNAME,VENDOR,PRICE) values ('28','RSX','Acura',46800);
Insert into CARS (CARID,CARNAME,VENDOR,PRICE) values ('29','Z4','BMW',27500);
Insert into CARS (CARID,CARNAME,VENDOR,PRICE) values ('30','H3','Hummer',23200);

-- CUSTOMERS
SET DEFINE OFF;
Insert into CUSTOMERS (CUSID,CUSNAME,CUSGENDER,CUSBIRTH,CUSPHONE,CUSADDRESS) values ('1','Selene Grieves','Female',to_date('26-APR-92','DD-MON-RR'),'8203058328','03097 Blue Bill Park Court');
Insert into CUSTOMERS (CUSID,CUSNAME,CUSGENDER,CUSBIRTH,CUSPHONE,CUSADDRESS) values ('2','Kasey Haibel','Female',to_date('05-NOV-96','DD-MON-RR'),'4014337973','51165 Paget Plaza');
Insert into CUSTOMERS (CUSID,CUSNAME,CUSGENDER,CUSBIRTH,CUSPHONE,CUSADDRESS) values ('3','Shaughn Guille','Male',to_date('17-AUG-95','DD-MON-RR'),'5633153005','8 Anderson Trail');
Insert into CUSTOMERS (CUSID,CUSNAME,CUSGENDER,CUSBIRTH,CUSPHONE,CUSADDRESS) values ('4','Nikoletta Sponder','Female',to_date('24-SEP-95','DD-MON-RR'),'8581804749','24523 Jenifer Plaza');
Insert into CUSTOMERS (CUSID,CUSNAME,CUSGENDER,CUSBIRTH,CUSPHONE,CUSADDRESS) values ('5','Garrott McCawley','Male',to_date('06-OCT-94','DD-MON-RR'),'2615108932','078 Charing Cross Court');
Insert into CUSTOMERS (CUSID,CUSNAME,CUSGENDER,CUSBIRTH,CUSPHONE,CUSADDRESS) values ('6','Rora Shildrick','Female',to_date('02-OCT-94','DD-MON-RR'),'3928867505','33 Village Green Street');
Insert into CUSTOMERS (CUSID,CUSNAME,CUSGENDER,CUSBIRTH,CUSPHONE,CUSADDRESS) values ('7','Adena Prater','Female',to_date('10-DEC-90','DD-MON-RR'),'8302298731','2 Clemons Center');
Insert into CUSTOMERS (CUSID,CUSNAME,CUSGENDER,CUSBIRTH,CUSPHONE,CUSADDRESS) values ('8','Nolan Van Waadenburg','Male',to_date('02-MAY-95','DD-MON-RR'),'2816431723','44177 Pond Circle');
Insert into CUSTOMERS (CUSID,CUSNAME,CUSGENDER,CUSBIRTH,CUSPHONE,CUSADDRESS) values ('9','Brady Rudyard','Male',to_date('06-MAY-97','DD-MON-RR'),'1923237498','23914 Coolidge Street');
Insert into CUSTOMERS (CUSID,CUSNAME,CUSGENDER,CUSBIRTH,CUSPHONE,CUSADDRESS) values ('10','Levin Neljes','Male',to_date('30-JUL-94','DD-MON-RR'),'6747213865','3841 Reinke Avenue');
Insert into CUSTOMERS (CUSID,CUSNAME,CUSGENDER,CUSBIRTH,CUSPHONE,CUSADDRESS) values ('11','Chev Noods','Male',to_date('28-JAN-97','DD-MON-RR'),'3222862143','1581 Fairview Alley');
Insert into CUSTOMERS (CUSID,CUSNAME,CUSGENDER,CUSBIRTH,CUSPHONE,CUSADDRESS) values ('12','Tanhya Andreou','Female',to_date('02-MAR-95','DD-MON-RR'),'2185780404','22093 Susan Hill');
Insert into CUSTOMERS (CUSID,CUSNAME,CUSGENDER,CUSBIRTH,CUSPHONE,CUSADDRESS) values ('13','Sibbie Gipp','Female',to_date('02-AUG-96','DD-MON-RR'),'9905483628','801 Blackbird Court');
Insert into CUSTOMERS (CUSID,CUSNAME,CUSGENDER,CUSBIRTH,CUSPHONE,CUSADDRESS) values ('14','Fanny Cadalleder','Female',to_date('03-NOV-92','DD-MON-RR'),'7878779813','92 Marcy Point');
Insert into CUSTOMERS (CUSID,CUSNAME,CUSGENDER,CUSBIRTH,CUSPHONE,CUSADDRESS) values ('15','Milka Hume','Female',to_date('21-JUN-94','DD-MON-RR'),'6156016685','1 Maple Wood Hill');
Insert into CUSTOMERS (CUSID,CUSNAME,CUSGENDER,CUSBIRTH,CUSPHONE,CUSADDRESS) values ('16','Marion Stebbins','Male',to_date('01-DEC-90','DD-MON-RR'),'8419336281','260 Homewood Terrace');
Insert into CUSTOMERS (CUSID,CUSNAME,CUSGENDER,CUSBIRTH,CUSPHONE,CUSADDRESS) values ('17','Jan Thring','Male',to_date('18-AUG-95','DD-MON-RR'),'6562933564','251 Scott Place');
Insert into CUSTOMERS (CUSID,CUSNAME,CUSGENDER,CUSBIRTH,CUSPHONE,CUSADDRESS) values ('18','Ailene Meneghelli','Female',to_date('22-OCT-94','DD-MON-RR'),'5206259812','288 Onsgard Street');
Insert into CUSTOMERS (CUSID,CUSNAME,CUSGENDER,CUSBIRTH,CUSPHONE,CUSADDRESS) values ('19','Gisele Choppin','Female',to_date('22-APR-01','DD-MON-RR'),'7538553445','32065 Hoard Terrace');
Insert into CUSTOMERS (CUSID,CUSNAME,CUSGENDER,CUSBIRTH,CUSPHONE,CUSADDRESS) values ('20','Josephine McWhin','Female',to_date('10-MAR-93','DD-MON-RR'),'4337299430','702 Reindahl Park');
Insert into CUSTOMERS (CUSID,CUSNAME,CUSGENDER,CUSBIRTH,CUSPHONE,CUSADDRESS) values ('21','Alisha Hiskey','Female',to_date('18-APR-95','DD-MON-RR'),'5656540131','6 Lunder Way');
Insert into CUSTOMERS (CUSID,CUSNAME,CUSGENDER,CUSBIRTH,CUSPHONE,CUSADDRESS) values ('22','Olwen Doyley','Female',to_date('17-JUL-96','DD-MON-RR'),'9034309836','72 Petterle Street');
Insert into CUSTOMERS (CUSID,CUSNAME,CUSGENDER,CUSBIRTH,CUSPHONE,CUSADDRESS) values ('23','Aleksandr McNutt','Male',to_date('05-JUN-00','DD-MON-RR'),'2138878478','228 Namekagon Place');
Insert into CUSTOMERS (CUSID,CUSNAME,CUSGENDER,CUSBIRTH,CUSPHONE,CUSADDRESS) values ('24','Spense Redsull','Male',to_date('05-JUL-00','DD-MON-RR'),'2227526960','774 Lakewood Drive');
Insert into CUSTOMERS (CUSID,CUSNAME,CUSGENDER,CUSBIRTH,CUSPHONE,CUSADDRESS) values ('25','Lizzie Bolin','Female',to_date('18-AUG-92','DD-MON-RR'),'4602535405','26580 Myrtle Way');
Insert into CUSTOMERS (CUSID,CUSNAME,CUSGENDER,CUSBIRTH,CUSPHONE,CUSADDRESS) values ('26','Maryanne Swendell','Female',to_date('14-OCT-97','DD-MON-RR'),'6521963290','72209 Spohn Junction');
Insert into CUSTOMERS (CUSID,CUSNAME,CUSGENDER,CUSBIRTH,CUSPHONE,CUSADDRESS) values ('27','Alvera Frankiss','Female',to_date('21-AUG-98','DD-MON-RR'),'5048465933','3935 Maywood Park');
Insert into CUSTOMERS (CUSID,CUSNAME,CUSGENDER,CUSBIRTH,CUSPHONE,CUSADDRESS) values ('28','Nerty Engel','Female',to_date('05-FEB-94','DD-MON-RR'),'1915747153','343 Johnson Point');
Insert into CUSTOMERS (CUSID,CUSNAME,CUSGENDER,CUSBIRTH,CUSPHONE,CUSADDRESS) values ('29','Morten Basnett','Male',to_date('30-SEP-91','DD-MON-RR'),'5416638577','7544 Dwight Alley');
Insert into CUSTOMERS (CUSID,CUSNAME,CUSGENDER,CUSBIRTH,CUSPHONE,CUSADDRESS) values ('30','Padriac Dobsons','Male',to_date('21-OCT-95','DD-MON-RR'),'6833560492','48 Merrick Avenue');
Insert into CUSTOMERS (CUSID,CUSNAME,CUSGENDER,CUSBIRTH,CUSPHONE,CUSADDRESS) values ('31','Sandye Putt','Female',to_date('19-JUL-91','DD-MON-RR'),'8438783329','59 Merry Circle');
Insert into CUSTOMERS (CUSID,CUSNAME,CUSGENDER,CUSBIRTH,CUSPHONE,CUSADDRESS) values ('32','Baird Hakonsson','Male',to_date('21-JAN-96','DD-MON-RR'),'8613563557','4145 Sommers Court');
Insert into CUSTOMERS (CUSID,CUSNAME,CUSGENDER,CUSBIRTH,CUSPHONE,CUSADDRESS) values ('33','Duky Kibbel','Male',to_date('19-DEC-98','DD-MON-RR'),'8085162681','0703 Russell Street');
Insert into CUSTOMERS (CUSID,CUSNAME,CUSGENDER,CUSBIRTH,CUSPHONE,CUSADDRESS) values ('34','Glynda Sawter','Female',to_date('16-OCT-93','DD-MON-RR'),'4246702318','80152 Oak Way');
Insert into CUSTOMERS (CUSID,CUSNAME,CUSGENDER,CUSBIRTH,CUSPHONE,CUSADDRESS) values ('35','Ernest Domniney','Male',to_date('15-JAN-93','DD-MON-RR'),'4846063088','90740 Everett Trail');
Insert into CUSTOMERS (CUSID,CUSNAME,CUSGENDER,CUSBIRTH,CUSPHONE,CUSADDRESS) values ('36','Culver Grenkov','Male',to_date('11-MAR-96','DD-MON-RR'),'2346378280','8228 Merrick Pass');
Insert into CUSTOMERS (CUSID,CUSNAME,CUSGENDER,CUSBIRTH,CUSPHONE,CUSADDRESS) values ('37','Aron Standfield','Male',to_date('20-FEB-98','DD-MON-RR'),'2992277916','0218 Longview Terrace');
Insert into CUSTOMERS (CUSID,CUSNAME,CUSGENDER,CUSBIRTH,CUSPHONE,CUSADDRESS) values ('38','Sibylle Shutle','Female',to_date('03-JAN-00','DD-MON-RR'),'9511285450','911 Rutledge Parkway');
Insert into CUSTOMERS (CUSID,CUSNAME,CUSGENDER,CUSBIRTH,CUSPHONE,CUSADDRESS) values ('39','Hobard Paolo','Male',to_date('04-NOV-96','DD-MON-RR'),'5498379145','63788 Armistice Alley');
Insert into CUSTOMERS (CUSID,CUSNAME,CUSGENDER,CUSBIRTH,CUSPHONE,CUSADDRESS) values ('40','Jonathan Galvan','Male',to_date('26-FEB-95','DD-MON-RR'),'9211386857','88 Anzinger Terrace');
Insert into CUSTOMERS (CUSID,CUSNAME,CUSGENDER,CUSBIRTH,CUSPHONE,CUSADDRESS) values ('41','Wileen Carnall','Female',to_date('15-JAN-93','DD-MON-RR'),'6176976445','40908 Pepper Wood Point');
Insert into CUSTOMERS (CUSID,CUSNAME,CUSGENDER,CUSBIRTH,CUSPHONE,CUSADDRESS) values ('42','Annadiane Mamwell','Female',to_date('17-SEP-96','DD-MON-RR'),'2633713993','189 Dottie Junction');
Insert into CUSTOMERS (CUSID,CUSNAME,CUSGENDER,CUSBIRTH,CUSPHONE,CUSADDRESS) values ('43','Elias Lefridge','Male',to_date('10-OCT-92','DD-MON-RR'),'9915280214','90336 Northland Terrace');
Insert into CUSTOMERS (CUSID,CUSNAME,CUSGENDER,CUSBIRTH,CUSPHONE,CUSADDRESS) values ('44','Penrod Coursor','Male',to_date('06-JUN-98','DD-MON-RR'),'9265214895','4 Pepper Wood Lane');
Insert into CUSTOMERS (CUSID,CUSNAME,CUSGENDER,CUSBIRTH,CUSPHONE,CUSADDRESS) values ('45','Winna Keer','Female',to_date('25-DEC-99','DD-MON-RR'),'9464671266','97006 Butterfield Park');
Insert into CUSTOMERS (CUSID,CUSNAME,CUSGENDER,CUSBIRTH,CUSPHONE,CUSADDRESS) values ('46','Hadrian Sommerly','Male',to_date('04-OCT-91','DD-MON-RR'),'7324443114','2 Ronald Regan Avenue');
Insert into CUSTOMERS (CUSID,CUSNAME,CUSGENDER,CUSBIRTH,CUSPHONE,CUSADDRESS) values ('47','Ariela MacDermid','Female',to_date('17-MAR-99','DD-MON-RR'),'6857766923','8585 Morrow Avenue');
Insert into CUSTOMERS (CUSID,CUSNAME,CUSGENDER,CUSBIRTH,CUSPHONE,CUSADDRESS) values ('48','Rusty Vallerine','Male',to_date('02-SEP-91','DD-MON-RR'),'8832490515','3 Ridgeway Point');
Insert into CUSTOMERS (CUSID,CUSNAME,CUSGENDER,CUSBIRTH,CUSPHONE,CUSADDRESS) values ('49','Al Philbrick','Male',to_date('02-DEC-98','DD-MON-RR'),'5626860146','31 Magdeline Crossing');
Insert into CUSTOMERS (CUSID,CUSNAME,CUSGENDER,CUSBIRTH,CUSPHONE,CUSADDRESS) values ('50','Felisha Cavie','Female',to_date('05-JUN-99','DD-MON-RR'),'7686838019','2 Fairfield Center');
Insert into CUSTOMERS (CUSID,CUSNAME,CUSGENDER,CUSBIRTH,CUSPHONE,CUSADDRESS) values ('51','Darby Chetham','Male',to_date('30-MAY-99','DD-MON-RR'),'3956901414','6 Starling Crossing');
Insert into CUSTOMERS (CUSID,CUSNAME,CUSGENDER,CUSBIRTH,CUSPHONE,CUSADDRESS) values ('52','Edita Atley','Female',to_date('15-OCT-98','DD-MON-RR'),'8192862798','7492 Mendota Pass');
Insert into CUSTOMERS (CUSID,CUSNAME,CUSGENDER,CUSBIRTH,CUSPHONE,CUSADDRESS) values ('53','Benjamin Caine','Male',to_date('24-APR-94','DD-MON-RR'),'2766021787','433 Daystar Way');
Insert into CUSTOMERS (CUSID,CUSNAME,CUSGENDER,CUSBIRTH,CUSPHONE,CUSADDRESS) values ('54','Alvan Sill','Male',to_date('12-APR-91','DD-MON-RR'),'1543085897','18531 Porter Circle');
Insert into CUSTOMERS (CUSID,CUSNAME,CUSGENDER,CUSBIRTH,CUSPHONE,CUSADDRESS) values ('55','Isacco Brownsill','Male',to_date('03-OCT-92','DD-MON-RR'),'7487074891','14 Blaine Parkway');
Insert into CUSTOMERS (CUSID,CUSNAME,CUSGENDER,CUSBIRTH,CUSPHONE,CUSADDRESS) values ('56','Terra Neem','Female',to_date('29-SEP-95','DD-MON-RR'),'7105227008','73 Nancy Terrace');
Insert into CUSTOMERS (CUSID,CUSNAME,CUSGENDER,CUSBIRTH,CUSPHONE,CUSADDRESS) values ('57','Jillie Borborough','Female',to_date('28-DEC-97','DD-MON-RR'),'2897748376','1 Texas Court');
Insert into CUSTOMERS (CUSID,CUSNAME,CUSGENDER,CUSBIRTH,CUSPHONE,CUSADDRESS) values ('58','Dalenna Osgordby','Female',to_date('03-MAY-01','DD-MON-RR'),'7973774021','132 Graedel Place');
Insert into CUSTOMERS (CUSID,CUSNAME,CUSGENDER,CUSBIRTH,CUSPHONE,CUSADDRESS) values ('59','Yvon McKeon','Male',to_date('13-JUN-01','DD-MON-RR'),'2428046151','8999 Lyons Parkway');
Insert into CUSTOMERS (CUSID,CUSNAME,CUSGENDER,CUSBIRTH,CUSPHONE,CUSADDRESS) values ('60','Reginauld Benoist','Male',to_date('26-FEB-91','DD-MON-RR'),'9679916617','68902 Crowley Circle');
Insert into CUSTOMERS (CUSID,CUSNAME,CUSGENDER,CUSBIRTH,CUSPHONE,CUSADDRESS) values ('61','Marissa Hedworth','Female',to_date('22-DEC-90','DD-MON-RR'),'2287199211','1150 Swallow Avenue');
Insert into CUSTOMERS (CUSID,CUSNAME,CUSGENDER,CUSBIRTH,CUSPHONE,CUSADDRESS) values ('62','Alleyn Robers','Male',to_date('05-APR-97','DD-MON-RR'),'7114432937','99504 Heffernan Terrace');
Insert into CUSTOMERS (CUSID,CUSNAME,CUSGENDER,CUSBIRTH,CUSPHONE,CUSADDRESS) values ('63','Myrna Calley','Female',to_date('17-OCT-95','DD-MON-RR'),'4048367054','08749 Green Ridge Crossing');
Insert into CUSTOMERS (CUSID,CUSNAME,CUSGENDER,CUSBIRTH,CUSPHONE,CUSADDRESS) values ('64','Nickolaus Gozzard','Male',to_date('19-SEP-00','DD-MON-RR'),'4289861256','1849 Autumn Leaf Avenue');
Insert into CUSTOMERS (CUSID,CUSNAME,CUSGENDER,CUSBIRTH,CUSPHONE,CUSADDRESS) values ('65','Valeda Boshere','Female',to_date('10-APR-00','DD-MON-RR'),'9298848437','45 Fair Oaks Point');
Insert into CUSTOMERS (CUSID,CUSNAME,CUSGENDER,CUSBIRTH,CUSPHONE,CUSADDRESS) values ('66','Alberto Fardoe','Male',to_date('12-AUG-99','DD-MON-RR'),'4238075132','4181 Welch Alley');
Insert into CUSTOMERS (CUSID,CUSNAME,CUSGENDER,CUSBIRTH,CUSPHONE,CUSADDRESS) values ('67','Mel Gonzalo','Male',to_date('09-FEB-94','DD-MON-RR'),'5411813868','033 Ramsey Parkway');
Insert into CUSTOMERS (CUSID,CUSNAME,CUSGENDER,CUSBIRTH,CUSPHONE,CUSADDRESS) values ('68','Faber Assel','Male',to_date('10-JAN-94','DD-MON-RR'),'5547652609','9 Old Shore Avenue');
Insert into CUSTOMERS (CUSID,CUSNAME,CUSGENDER,CUSBIRTH,CUSPHONE,CUSADDRESS) values ('69','Joey Drews','Male',to_date('05-NOV-93','DD-MON-RR'),'9822960078','746 Fulton Parkway');
Insert into CUSTOMERS (CUSID,CUSNAME,CUSGENDER,CUSBIRTH,CUSPHONE,CUSADDRESS) values ('70','Chalmers O''Murtagh','Male',to_date('04-JUL-92','DD-MON-RR'),'7945888956','1089 Pennsylvania Parkway');
Insert into CUSTOMERS (CUSID,CUSNAME,CUSGENDER,CUSBIRTH,CUSPHONE,CUSADDRESS) values ('71','Matthew MacColl','Male',to_date('27-MAY-96','DD-MON-RR'),'7385282667','67 Westerfield Lane');
Insert into CUSTOMERS (CUSID,CUSNAME,CUSGENDER,CUSBIRTH,CUSPHONE,CUSADDRESS) values ('72','Homer Beckingham','Male',to_date('25-APR-96','DD-MON-RR'),'8484139469','25072 Waubesa Avenue');
Insert into CUSTOMERS (CUSID,CUSNAME,CUSGENDER,CUSBIRTH,CUSPHONE,CUSADDRESS) values ('73','Leora Tattersall','Female',to_date('03-NOV-95','DD-MON-RR'),'2544538317','54 Eastlawn Pass');
Insert into CUSTOMERS (CUSID,CUSNAME,CUSGENDER,CUSBIRTH,CUSPHONE,CUSADDRESS) values ('74','Dreddy Targetter','Female',to_date('12-AUG-98','DD-MON-RR'),'6193211134','4637 Kedzie Court');
Insert into CUSTOMERS (CUSID,CUSNAME,CUSGENDER,CUSBIRTH,CUSPHONE,CUSADDRESS) values ('75','Meade Bonsall','Female',to_date('14-NOV-98','DD-MON-RR'),'3722102827','95898 Warbler Trail');
Insert into CUSTOMERS (CUSID,CUSNAME,CUSGENDER,CUSBIRTH,CUSPHONE,CUSADDRESS) values ('76','Delila McCafferky','Female',to_date('11-JAN-95','DD-MON-RR'),'6494788080','4393 Anderson Circle');
Insert into CUSTOMERS (CUSID,CUSNAME,CUSGENDER,CUSBIRTH,CUSPHONE,CUSADDRESS) values ('77','Bird Cardenas','Female',to_date('11-SEP-96','DD-MON-RR'),'9322132142','09 South Center');
Insert into CUSTOMERS (CUSID,CUSNAME,CUSGENDER,CUSBIRTH,CUSPHONE,CUSADDRESS) values ('78','Cyril Turmell','Male',to_date('04-DEC-97','DD-MON-RR'),'9643115236','331 Rieder Hill');
Insert into CUSTOMERS (CUSID,CUSNAME,CUSGENDER,CUSBIRTH,CUSPHONE,CUSADDRESS) values ('79','Jazmin Scarff','Female',to_date('13-MAR-98','DD-MON-RR'),'9444219630','8 Brentwood Crossing');
Insert into CUSTOMERS (CUSID,CUSNAME,CUSGENDER,CUSBIRTH,CUSPHONE,CUSADDRESS) values ('80','Wilhelmina Oventon','Female',to_date('26-SEP-93','DD-MON-RR'),'7304714691','393 Hagan Trail');
Insert into CUSTOMERS (CUSID,CUSNAME,CUSGENDER,CUSBIRTH,CUSPHONE,CUSADDRESS) values ('81','Damian Sokell','Male',to_date('06-FEB-98','DD-MON-RR'),'5241030761','6719 Maywood Terrace');
Insert into CUSTOMERS (CUSID,CUSNAME,CUSGENDER,CUSBIRTH,CUSPHONE,CUSADDRESS) values ('82','Domingo Keese','Male',to_date('21-JAN-91','DD-MON-RR'),'5533290008','0 Badeau Plaza');
Insert into CUSTOMERS (CUSID,CUSNAME,CUSGENDER,CUSBIRTH,CUSPHONE,CUSADDRESS) values ('83','Antony Birdis','Male',to_date('26-DEC-92','DD-MON-RR'),'2545409975','349 Laurel Pass');
Insert into CUSTOMERS (CUSID,CUSNAME,CUSGENDER,CUSBIRTH,CUSPHONE,CUSADDRESS) values ('84','Ciel Whellans','Female',to_date('10-APR-01','DD-MON-RR'),'6229838153','07915 Pleasure Plaza');
Insert into CUSTOMERS (CUSID,CUSNAME,CUSGENDER,CUSBIRTH,CUSPHONE,CUSADDRESS) values ('85','Guenna Willerton','Female',to_date('22-JAN-93','DD-MON-RR'),'2785688657','66 Hanson Pass');
Insert into CUSTOMERS (CUSID,CUSNAME,CUSGENDER,CUSBIRTH,CUSPHONE,CUSADDRESS) values ('86','Anastasia Heyworth','Female',to_date('17-JUN-93','DD-MON-RR'),'6406382851','66441 Rockefeller Junction');
Insert into CUSTOMERS (CUSID,CUSNAME,CUSGENDER,CUSBIRTH,CUSPHONE,CUSADDRESS) values ('87','Winn Corless','Male',to_date('16-OCT-96','DD-MON-RR'),'4308815630','4109 Northland Street');
Insert into CUSTOMERS (CUSID,CUSNAME,CUSGENDER,CUSBIRTH,CUSPHONE,CUSADDRESS) values ('88','Nealon Parchment','Male',to_date('28-FEB-91','DD-MON-RR'),'5403170274','59055 Briar Crest Road');
Insert into CUSTOMERS (CUSID,CUSNAME,CUSGENDER,CUSBIRTH,CUSPHONE,CUSADDRESS) values ('89','Domenico Gobeaux','Male',to_date('14-FEB-99','DD-MON-RR'),'5062573759','3573 Grayhawk Pass');
Insert into CUSTOMERS (CUSID,CUSNAME,CUSGENDER,CUSBIRTH,CUSPHONE,CUSADDRESS) values ('90','Gaven Halwill','Male',to_date('04-JUN-93','DD-MON-RR'),'2457901611','94519 Calypso Drive');
Insert into CUSTOMERS (CUSID,CUSNAME,CUSGENDER,CUSBIRTH,CUSPHONE,CUSADDRESS) values ('91','Herbie Goucher','Male',to_date('04-FEB-95','DD-MON-RR'),'3285963638','72 Butterfield Alley');
Insert into CUSTOMERS (CUSID,CUSNAME,CUSGENDER,CUSBIRTH,CUSPHONE,CUSADDRESS) values ('92','Lancelot Riddiough','Male',to_date('16-FEB-99','DD-MON-RR'),'7362895873','341 Montana Point');
Insert into CUSTOMERS (CUSID,CUSNAME,CUSGENDER,CUSBIRTH,CUSPHONE,CUSADDRESS) values ('93','Julio Aloigi','Male',to_date('26-JAN-95','DD-MON-RR'),'2534086416','0544 Arrowood Terrace');
Insert into CUSTOMERS (CUSID,CUSNAME,CUSGENDER,CUSBIRTH,CUSPHONE,CUSADDRESS) values ('94','Holly-anne Bewsy','Female',to_date('21-APR-91','DD-MON-RR'),'5261741901','4 Spaight Plaza');
Insert into CUSTOMERS (CUSID,CUSNAME,CUSGENDER,CUSBIRTH,CUSPHONE,CUSADDRESS) values ('95','Rooney Noddles','Male',to_date('10-MAR-00','DD-MON-RR'),'2567323401','9092 Mcguire Avenue');
Insert into CUSTOMERS (CUSID,CUSNAME,CUSGENDER,CUSBIRTH,CUSPHONE,CUSADDRESS) values ('96','Lisa Claringbold','Female',to_date('11-OCT-00','DD-MON-RR'),'3125525518','535 Moose Point');
Insert into CUSTOMERS (CUSID,CUSNAME,CUSGENDER,CUSBIRTH,CUSPHONE,CUSADDRESS) values ('97','Dolorita Ace','Female',to_date('08-NOV-94','DD-MON-RR'),'9147202959','2 Memorial Crossing');
Insert into CUSTOMERS (CUSID,CUSNAME,CUSGENDER,CUSBIRTH,CUSPHONE,CUSADDRESS) values ('98','Nestor Necrews','Male',to_date('12-SEP-99','DD-MON-RR'),'5403259556','43 Maple Wood Pass');
Insert into CUSTOMERS (CUSID,CUSNAME,CUSGENDER,CUSBIRTH,CUSPHONE,CUSADDRESS) values ('99','Salomone Dudley','Male',to_date('03-MAY-93','DD-MON-RR'),'1159080298','983 Messerschmidt Plaza');
Insert into CUSTOMERS (CUSID,CUSNAME,CUSGENDER,CUSBIRTH,CUSPHONE,CUSADDRESS) values ('100','Alvinia Calleja','Female',to_date('15-MAR-00','DD-MON-RR'),'2076897726','8182 Express Park');

-- EMPLOYEES
SET DEFINE OFF;
Insert into EMPLOYEES (EMPID,OFFICEID,EMPNAME,EMPGENDER,EMPBIRTH,EMPADDRESS,EMPPHONE,EMPSALARY) values ('1','1','Anita Jacomb','Female',to_date('06-JUN-05','DD-MON-RR'),'350 Buell Circle','9378061121',1730);
Insert into EMPLOYEES (EMPID,OFFICEID,EMPNAME,EMPGENDER,EMPBIRTH,EMPADDRESS,EMPPHONE,EMPSALARY) values ('4','1','Taddeo MacKenny','Male',to_date('27-NOV-03','DD-MON-RR'),'71064 Eliot Point','8431092484',1190);
Insert into EMPLOYEES (EMPID,OFFICEID,EMPNAME,EMPGENDER,EMPBIRTH,EMPADDRESS,EMPPHONE,EMPSALARY) values ('8','1','Trixie Brittles','Female',to_date('10-FEB-02','DD-MON-RR'),'78920 Becker Lane','1592216696',1480);
Insert into EMPLOYEES (EMPID,OFFICEID,EMPNAME,EMPGENDER,EMPBIRTH,EMPADDRESS,EMPPHONE,EMPSALARY) values ('10','1','Clemens Petrasch','Male',to_date('12-SEP-05','DD-MON-RR'),'9 John Wall Avenue','3638097985',1430);
Insert into EMPLOYEES (EMPID,OFFICEID,EMPNAME,EMPGENDER,EMPBIRTH,EMPADDRESS,EMPPHONE,EMPSALARY) values ('11','1','Florinda Zambon','Female',to_date('14-APR-00','DD-MON-RR'),'4 Schmedeman Point','1576527387',890);
Insert into EMPLOYEES (EMPID,OFFICEID,EMPNAME,EMPGENDER,EMPBIRTH,EMPADDRESS,EMPPHONE,EMPSALARY) values ('13','1','Dyna Pyffe','Female',to_date('02-JUN-05','DD-MON-RR'),'87 Katie Parkway','3553440029',810);
Insert into EMPLOYEES (EMPID,OFFICEID,EMPNAME,EMPGENDER,EMPBIRTH,EMPADDRESS,EMPPHONE,EMPSALARY) values ('16','1','Krishna Ashwell','Male',to_date('03-JUL-04','DD-MON-RR'),'281 Raven Avenue','4934713338',1870);
Insert into EMPLOYEES (EMPID,OFFICEID,EMPNAME,EMPGENDER,EMPBIRTH,EMPADDRESS,EMPPHONE,EMPSALARY) values ('17','1','Staci Labrom','Female',to_date('21-MAR-05','DD-MON-RR'),'5336 Upham Alley','7472621868',530);
Insert into EMPLOYEES (EMPID,OFFICEID,EMPNAME,EMPGENDER,EMPBIRTH,EMPADDRESS,EMPPHONE,EMPSALARY) values ('18','1','Kevina Commander','Female',to_date('24-SEP-05','DD-MON-RR'),'937 Hallows Parkway','4074364036',940);
Insert into EMPLOYEES (EMPID,OFFICEID,EMPNAME,EMPGENDER,EMPBIRTH,EMPADDRESS,EMPPHONE,EMPSALARY) values ('20','1','Petey Ginner','Male',to_date('06-MAR-02','DD-MON-RR'),'505 Starling Parkway','1811968833',1580);
Insert into EMPLOYEES (EMPID,OFFICEID,EMPNAME,EMPGENDER,EMPBIRTH,EMPADDRESS,EMPPHONE,EMPSALARY) values ('21','1','Gerick Figure','Male',to_date('04-JUN-00','DD-MON-RR'),'219 Sullivan Drive','5277163193',790);
Insert into EMPLOYEES (EMPID,OFFICEID,EMPNAME,EMPGENDER,EMPBIRTH,EMPADDRESS,EMPPHONE,EMPSALARY) values ('23','1','Ludovika Mars','Female',to_date('16-NOV-02','DD-MON-RR'),'12767 Holmberg Place','7006525664',1690);
Insert into EMPLOYEES (EMPID,OFFICEID,EMPNAME,EMPGENDER,EMPBIRTH,EMPADDRESS,EMPPHONE,EMPSALARY) values ('26','1','Elisha Brignall','Female',to_date('11-MAR-03','DD-MON-RR'),'516 Manley Junction','9933042209',1270);
Insert into EMPLOYEES (EMPID,OFFICEID,EMPNAME,EMPGENDER,EMPBIRTH,EMPADDRESS,EMPPHONE,EMPSALARY) values ('27','1','Ammamaria Koche','Female',to_date('24-AUG-01','DD-MON-RR'),'461 Hanson Drive','5811918475',650);
Insert into EMPLOYEES (EMPID,OFFICEID,EMPNAME,EMPGENDER,EMPBIRTH,EMPADDRESS,EMPPHONE,EMPSALARY) values ('28','1','Crysta Roussell','Female',to_date('30-NOV-03','DD-MON-RR'),'17606 Knutson Parkway','8062065809',960);
Insert into EMPLOYEES (EMPID,OFFICEID,EMPNAME,EMPGENDER,EMPBIRTH,EMPADDRESS,EMPPHONE,EMPSALARY) values ('31','1','Anatollo Stear','Male',to_date('23-JUN-04','DD-MON-RR'),'9648 Linden Lane','6519824928',1080);
Insert into EMPLOYEES (EMPID,OFFICEID,EMPNAME,EMPGENDER,EMPBIRTH,EMPADDRESS,EMPPHONE,EMPSALARY) values ('33','1','Lesya Waryk','Female',to_date('11-FEB-04','DD-MON-RR'),'9 Village Green Pass','7876339428',690);
Insert into EMPLOYEES (EMPID,OFFICEID,EMPNAME,EMPGENDER,EMPBIRTH,EMPADDRESS,EMPPHONE,EMPSALARY) values ('36','1','Debi Aynscombe','Female',to_date('09-JUN-00','DD-MON-RR'),'5122 Loomis Plaza','6159068915',550);
Insert into EMPLOYEES (EMPID,OFFICEID,EMPNAME,EMPGENDER,EMPBIRTH,EMPADDRESS,EMPPHONE,EMPSALARY) values ('39','1','Red Domotor','Male',to_date('26-MAR-04','DD-MON-RR'),'46831 Bultman Court','6802597175',1500);
Insert into EMPLOYEES (EMPID,OFFICEID,EMPNAME,EMPGENDER,EMPBIRTH,EMPADDRESS,EMPPHONE,EMPSALARY) values ('40','1','Gardner Brundell','Male',to_date('22-JUN-05','DD-MON-RR'),'7 Lindbergh Junction','9543409608',940);

-- PAYMENTS
SET DEFINE OFF;
Insert into PAYMENTS (PAYMENTID,CUSID,EMPID,PAYMENTDATE,TOTALPRICE) values ('1','32','16',to_date('28-OCT-14','DD-MON-RR'),92200);
Insert into PAYMENTS (PAYMENTID,CUSID,EMPID,PAYMENTDATE,TOTALPRICE) values ('2','9','4',to_date('24-JAN-21','DD-MON-RR'),409500);
Insert into PAYMENTS (PAYMENTID,CUSID,EMPID,PAYMENTDATE,TOTALPRICE) values ('9','95','10',to_date('13-AUG-19','DD-MON-RR'),55000);
Insert into PAYMENTS (PAYMENTID,CUSID,EMPID,PAYMENTDATE,TOTALPRICE) values ('10','89','18',to_date('29-MAY-21','DD-MON-RR'),124000);
Insert into PAYMENTS (PAYMENTID,CUSID,EMPID,PAYMENTDATE,TOTALPRICE) values ('12','81','33',to_date('04-APR-12','DD-MON-RR'),312300);
Insert into PAYMENTS (PAYMENTID,CUSID,EMPID,PAYMENTDATE,TOTALPRICE) values ('13','16','18',to_date('06-OCT-20','DD-MON-RR'),197500);
Insert into PAYMENTS (PAYMENTID,CUSID,EMPID,PAYMENTDATE,TOTALPRICE) values ('19','62','4',to_date('01-APR-13','DD-MON-RR'),110000);
Insert into PAYMENTS (PAYMENTID,CUSID,EMPID,PAYMENTDATE,TOTALPRICE) values ('23','71','28',to_date('12-APR-16','DD-MON-RR'),387400);
Insert into PAYMENTS (PAYMENTID,CUSID,EMPID,PAYMENTDATE,TOTALPRICE) values ('26','58','36',to_date('08-JUL-22','DD-MON-RR'),454900);
Insert into PAYMENTS (PAYMENTID,CUSID,EMPID,PAYMENTDATE,TOTALPRICE) values ('27','83','4',to_date('18-SEP-13','DD-MON-RR'),234000);
Insert into PAYMENTS (PAYMENTID,CUSID,EMPID,PAYMENTDATE,TOTALPRICE) values ('29','65','17',to_date('08-SEP-20','DD-MON-RR'),67800);
Insert into PAYMENTS (PAYMENTID,CUSID,EMPID,PAYMENTDATE,TOTALPRICE) values ('33','93','23',to_date('06-MAR-16','DD-MON-RR'),73300);
Insert into PAYMENTS (PAYMENTID,CUSID,EMPID,PAYMENTDATE,TOTALPRICE) values ('39','24','20',to_date('22-APR-20','DD-MON-RR'),83100);
Insert into PAYMENTS (PAYMENTID,CUSID,EMPID,PAYMENTDATE,TOTALPRICE) values ('45','91','31',to_date('21-JUL-17','DD-MON-RR'),197300);
Insert into PAYMENTS (PAYMENTID,CUSID,EMPID,PAYMENTDATE,TOTALPRICE) values ('46','85','21',to_date('29-MAY-21','DD-MON-RR'),46400);
Insert into PAYMENTS (PAYMENTID,CUSID,EMPID,PAYMENTDATE,TOTALPRICE) values ('50','17','17',to_date('17-SEP-16','DD-MON-RR'),127500);
Insert into PAYMENTS (PAYMENTID,CUSID,EMPID,PAYMENTDATE,TOTALPRICE) values ('51','83','16',to_date('09-APR-21','DD-MON-RR'),70400);
Insert into PAYMENTS (PAYMENTID,CUSID,EMPID,PAYMENTDATE,TOTALPRICE) values ('52','88','31',to_date('09-MAR-20','DD-MON-RR'),351400);
Insert into PAYMENTS (PAYMENTID,CUSID,EMPID,PAYMENTDATE,TOTALPRICE) values ('53','94','23',to_date('27-MAY-11','DD-MON-RR'),69500);
Insert into PAYMENTS (PAYMENTID,CUSID,EMPID,PAYMENTDATE,TOTALPRICE) values ('54','17','18',to_date('16-JUL-12','DD-MON-RR'),516100);
Insert into PAYMENTS (PAYMENTID,CUSID,EMPID,PAYMENTDATE,TOTALPRICE) values ('55','46','1',to_date('28-JUN-15','DD-MON-RR'),171200);
Insert into PAYMENTS (PAYMENTID,CUSID,EMPID,PAYMENTDATE,TOTALPRICE) values ('61','46','23',to_date('09-MAR-12','DD-MON-RR'),48100);
Insert into PAYMENTS (PAYMENTID,CUSID,EMPID,PAYMENTDATE,TOTALPRICE) values ('62','69','27',to_date('06-DEC-16','DD-MON-RR'),410500);
Insert into PAYMENTS (PAYMENTID,CUSID,EMPID,PAYMENTDATE,TOTALPRICE) values ('73','43','18',to_date('27-OCT-21','DD-MON-RR'),84300);
Insert into PAYMENTS (PAYMENTID,CUSID,EMPID,PAYMENTDATE,TOTALPRICE) values ('75','14','39',to_date('11-MAR-11','DD-MON-RR'),114900);
Insert into PAYMENTS (PAYMENTID,CUSID,EMPID,PAYMENTDATE,TOTALPRICE) values ('76','79','13',to_date('13-FEB-17','DD-MON-RR'),187200);
Insert into PAYMENTS (PAYMENTID,CUSID,EMPID,PAYMENTDATE,TOTALPRICE) values ('82','91','26',to_date('04-JUL-14','DD-MON-RR'),35200);
Insert into PAYMENTS (PAYMENTID,CUSID,EMPID,PAYMENTDATE,TOTALPRICE) values ('83','44','16',to_date('12-JAN-13','DD-MON-RR'),122400);
Insert into PAYMENTS (PAYMENTID,CUSID,EMPID,PAYMENTDATE,TOTALPRICE) values ('87','63','10',to_date('21-SEP-16','DD-MON-RR'),225000);
Insert into PAYMENTS (PAYMENTID,CUSID,EMPID,PAYMENTDATE,TOTALPRICE) values ('89','68','21',to_date('14-OCT-16','DD-MON-RR'),228700);
Insert into PAYMENTS (PAYMENTID,CUSID,EMPID,PAYMENTDATE,TOTALPRICE) values ('90','66','11',to_date('11-APR-15','DD-MON-RR'),126700);
Insert into PAYMENTS (PAYMENTID,CUSID,EMPID,PAYMENTDATE,TOTALPRICE) values ('93','7','17',to_date('30-SEP-20','DD-MON-RR'),213200);
Insert into PAYMENTS (PAYMENTID,CUSID,EMPID,PAYMENTDATE,TOTALPRICE) values ('97','12','10',to_date('29-APR-16','DD-MON-RR'),452000);
Insert into PAYMENTS (PAYMENTID,CUSID,EMPID,PAYMENTDATE,TOTALPRICE) values ('98','10','27',to_date('12-JUN-16','DD-MON-RR'),192500);
Insert into PAYMENTS (PAYMENTID,CUSID,EMPID,PAYMENTDATE,TOTALPRICE) values ('100','49','40',to_date('14-JUN-18','DD-MON-RR'),228600);

-- PAYMENT_DETAILS
SET DEFINE OFF;
Insert into PAYMENT_DETAILS (PAYMENTID,CARID,EXPORTQUANTITY,PRICEDETAIL) values ('12','10',1,38300);
Insert into PAYMENT_DETAILS (PAYMENTID,CARID,EXPORTQUANTITY,PRICEDETAIL) values ('2','7',5,73500);
Insert into PAYMENT_DETAILS (PAYMENTID,CARID,EXPORTQUANTITY,PRICEDETAIL) values ('62','11',3,101700);
Insert into PAYMENT_DETAILS (PAYMENTID,CARID,EXPORTQUANTITY,PRICEDETAIL) values ('83','27',3,80700);
Insert into PAYMENT_DETAILS (PAYMENTID,CARID,EXPORTQUANTITY,PRICEDETAIL) values ('23','24',3,102000);
Insert into PAYMENT_DETAILS (PAYMENTID,CARID,EXPORTQUANTITY,PRICEDETAIL) values ('51','16',2,70400);
Insert into PAYMENT_DETAILS (PAYMENTID,CARID,EXPORTQUANTITY,PRICEDETAIL) values ('97','28',5,234000);
Insert into PAYMENT_DETAILS (PAYMENTID,CARID,EXPORTQUANTITY,PRICEDETAIL) values ('10','5',4,124000);
Insert into PAYMENT_DETAILS (PAYMENTID,CARID,EXPORTQUANTITY,PRICEDETAIL) values ('52','22',5,194000);
Insert into PAYMENT_DETAILS (PAYMENTID,CARID,EXPORTQUANTITY,PRICEDETAIL) values ('93','22',1,38800);
Insert into PAYMENT_DETAILS (PAYMENTID,CARID,EXPORTQUANTITY,PRICEDETAIL) values ('45','30',1,23200);
Insert into PAYMENT_DETAILS (PAYMENTID,CARID,EXPORTQUANTITY,PRICEDETAIL) values ('93','2',4,174400);
Insert into PAYMENT_DETAILS (PAYMENTID,CARID,EXPORTQUANTITY,PRICEDETAIL) values ('54','15',5,240500);
Insert into PAYMENT_DETAILS (PAYMENTID,CARID,EXPORTQUANTITY,PRICEDETAIL) values ('2','17',4,48400);
Insert into PAYMENT_DETAILS (PAYMENTID,CARID,EXPORTQUANTITY,PRICEDETAIL) values ('26','18',3,105900);
Insert into PAYMENT_DETAILS (PAYMENTID,CARID,EXPORTQUANTITY,PRICEDETAIL) values ('100','7',1,14700);
Insert into PAYMENT_DETAILS (PAYMENTID,CARID,EXPORTQUANTITY,PRICEDETAIL) values ('54','16',3,105600);
Insert into PAYMENT_DETAILS (PAYMENTID,CARID,EXPORTQUANTITY,PRICEDETAIL) values ('39','23',4,55600);
Insert into PAYMENT_DETAILS (PAYMENTID,CARID,EXPORTQUANTITY,PRICEDETAIL) values ('97','2',5,218000);
Insert into PAYMENT_DETAILS (PAYMENTID,CARID,EXPORTQUANTITY,PRICEDETAIL) values ('33','23',1,13900);
Insert into PAYMENT_DETAILS (PAYMENTID,CARID,EXPORTQUANTITY,PRICEDETAIL) values ('100','1',3,73500);
Insert into PAYMENT_DETAILS (PAYMENTID,CARID,EXPORTQUANTITY,PRICEDETAIL) values ('2','8',4,172400);
Insert into PAYMENT_DETAILS (PAYMENTID,CARID,EXPORTQUANTITY,PRICEDETAIL) values ('12','16',5,176000);
Insert into PAYMENT_DETAILS (PAYMENTID,CARID,EXPORTQUANTITY,PRICEDETAIL) values ('26','12',5,99000);
Insert into PAYMENT_DETAILS (PAYMENTID,CARID,EXPORTQUANTITY,PRICEDETAIL) values ('55','30',1,23200);
Insert into PAYMENT_DETAILS (PAYMENTID,CARID,EXPORTQUANTITY,PRICEDETAIL) values ('13','1',2,49000);
Insert into PAYMENT_DETAILS (PAYMENTID,CARID,EXPORTQUANTITY,PRICEDETAIL) values ('73','1',2,49000);
Insert into PAYMENT_DETAILS (PAYMENTID,CARID,EXPORTQUANTITY,PRICEDETAIL) values ('9','29',2,55000);
Insert into PAYMENT_DETAILS (PAYMENTID,CARID,EXPORTQUANTITY,PRICEDETAIL) values ('61','15',1,48100);
Insert into PAYMENT_DETAILS (PAYMENTID,CARID,EXPORTQUANTITY,PRICEDETAIL) values ('52','11',2,67800);
Insert into PAYMENT_DETAILS (PAYMENTID,CARID,EXPORTQUANTITY,PRICEDETAIL) values ('89','17',3,36300);
Insert into PAYMENT_DETAILS (PAYMENTID,CARID,EXPORTQUANTITY,PRICEDETAIL) values ('45','20',1,44800);
Insert into PAYMENT_DETAILS (PAYMENTID,CARID,EXPORTQUANTITY,PRICEDETAIL) values ('29','11',2,67800);
Insert into PAYMENT_DETAILS (PAYMENTID,CARID,EXPORTQUANTITY,PRICEDETAIL) values ('39','29',1,27500);
Insert into PAYMENT_DETAILS (PAYMENTID,CARID,EXPORTQUANTITY,PRICEDETAIL) values ('82','16',1,35200);
Insert into PAYMENT_DETAILS (PAYMENTID,CARID,EXPORTQUANTITY,PRICEDETAIL) values ('87','5',1,31000);
Insert into PAYMENT_DETAILS (PAYMENTID,CARID,EXPORTQUANTITY,PRICEDETAIL) values ('98','12',5,99000);
Insert into PAYMENT_DETAILS (PAYMENTID,CARID,EXPORTQUANTITY,PRICEDETAIL) values ('45','8',3,129300);
Insert into PAYMENT_DETAILS (PAYMENTID,CARID,EXPORTQUANTITY,PRICEDETAIL) values ('13','21',3,148500);
Insert into PAYMENT_DETAILS (PAYMENTID,CARID,EXPORTQUANTITY,PRICEDETAIL) values ('26','9',3,127500);
Insert into PAYMENT_DETAILS (PAYMENTID,CARID,EXPORTQUANTITY,PRICEDETAIL) values ('100','4',3,140400);
Insert into PAYMENT_DETAILS (PAYMENTID,CARID,EXPORTQUANTITY,PRICEDETAIL) values ('98','3',5,93500);
Insert into PAYMENT_DETAILS (PAYMENTID,CARID,EXPORTQUANTITY,PRICEDETAIL) values ('90','11',1,33900);
Insert into PAYMENT_DETAILS (PAYMENTID,CARID,EXPORTQUANTITY,PRICEDETAIL) values ('23','5',3,93000);
Insert into PAYMENT_DETAILS (PAYMENTID,CARID,EXPORTQUANTITY,PRICEDETAIL) values ('53','23',5,69500);
Insert into PAYMENT_DETAILS (PAYMENTID,CARID,EXPORTQUANTITY,PRICEDETAIL) values ('62','23',5,69500);
Insert into PAYMENT_DETAILS (PAYMENTID,CARID,EXPORTQUANTITY,PRICEDETAIL) values ('62','6',4,137600);
Insert into PAYMENT_DETAILS (PAYMENTID,CARID,EXPORTQUANTITY,PRICEDETAIL) values ('73','18',1,35300);
Insert into PAYMENT_DETAILS (PAYMENTID,CARID,EXPORTQUANTITY,PRICEDETAIL) values ('83','23',3,41700);
Insert into PAYMENT_DETAILS (PAYMENTID,CARID,EXPORTQUANTITY,PRICEDETAIL) values ('33','12',3,59400);
Insert into PAYMENT_DETAILS (PAYMENTID,CARID,EXPORTQUANTITY,PRICEDETAIL) values ('76','4',4,187200);
Insert into PAYMENT_DETAILS (PAYMENTID,CARID,EXPORTQUANTITY,PRICEDETAIL) values ('52','20',2,89600);
Insert into PAYMENT_DETAILS (PAYMENTID,CARID,EXPORTQUANTITY,PRICEDETAIL) values ('75','10',3,114900);
Insert into PAYMENT_DETAILS (PAYMENTID,CARID,EXPORTQUANTITY,PRICEDETAIL) values ('54','9',4,170000);
Insert into PAYMENT_DETAILS (PAYMENTID,CARID,EXPORTQUANTITY,PRICEDETAIL) values ('12','1',4,98000);
Insert into PAYMENT_DETAILS (PAYMENTID,CARID,EXPORTQUANTITY,PRICEDETAIL) values ('1','3',1,18700);
Insert into PAYMENT_DETAILS (PAYMENTID,CARID,EXPORTQUANTITY,PRICEDETAIL) values ('19','29',4,110000);
Insert into PAYMENT_DETAILS (PAYMENTID,CARID,EXPORTQUANTITY,PRICEDETAIL) values ('55','1',2,49000);
Insert into PAYMENT_DETAILS (PAYMENTID,CARID,EXPORTQUANTITY,PRICEDETAIL) values ('50','9',3,127500);
Insert into PAYMENT_DETAILS (PAYMENTID,CARID,EXPORTQUANTITY,PRICEDETAIL) values ('27','4',5,234000);
Insert into PAYMENT_DETAILS (PAYMENTID,CARID,EXPORTQUANTITY,PRICEDETAIL) values ('26','1',5,122500);
Insert into PAYMENT_DETAILS (PAYMENTID,CARID,EXPORTQUANTITY,PRICEDETAIL) values ('55','12',5,99000);
Insert into PAYMENT_DETAILS (PAYMENTID,CARID,EXPORTQUANTITY,PRICEDETAIL) values ('89','15',4,192400);
Insert into PAYMENT_DETAILS (PAYMENTID,CARID,EXPORTQUANTITY,PRICEDETAIL) values ('90','14',4,92800);
Insert into PAYMENT_DETAILS (PAYMENTID,CARID,EXPORTQUANTITY,PRICEDETAIL) values ('87','22',5,194000);
Insert into PAYMENT_DETAILS (PAYMENTID,CARID,EXPORTQUANTITY,PRICEDETAIL) values ('2','19',3,115200);
Insert into PAYMENT_DETAILS (PAYMENTID,CARID,EXPORTQUANTITY,PRICEDETAIL) values ('1','7',5,73500);
Insert into PAYMENT_DETAILS (PAYMENTID,CARID,EXPORTQUANTITY,PRICEDETAIL) values ('46','30',2,46400);
Insert into PAYMENT_DETAILS (PAYMENTID,CARID,EXPORTQUANTITY,PRICEDETAIL) values ('23','15',4,192400);

-- WAREHOUSE_IMPORTS
SET DEFINE OFF;
Insert into WAREHOUSE_IMPORTS (OFFICEID,CARID,IMPORTDATE,IMPORTQUANTITY) values ('1','15',to_date('22-AUG-10','DD-MON-RR'),28);
Insert into WAREHOUSE_IMPORTS (OFFICEID,CARID,IMPORTDATE,IMPORTQUANTITY) values ('1','16',to_date('02-APR-22','DD-MON-RR'),10);
Insert into WAREHOUSE_IMPORTS (OFFICEID,CARID,IMPORTDATE,IMPORTQUANTITY) values ('1','4',to_date('08-OCT-20','DD-MON-RR'),14);
Insert into WAREHOUSE_IMPORTS (OFFICEID,CARID,IMPORTDATE,IMPORTQUANTITY) values ('1','8',to_date('15-APR-20','DD-MON-RR'),39);
Insert into WAREHOUSE_IMPORTS (OFFICEID,CARID,IMPORTDATE,IMPORTQUANTITY) values ('1','18',to_date('05-FEB-17','DD-MON-RR'),25);
Insert into WAREHOUSE_IMPORTS (OFFICEID,CARID,IMPORTDATE,IMPORTQUANTITY) values ('1','25',to_date('23-JUL-18','DD-MON-RR'),38);
Insert into WAREHOUSE_IMPORTS (OFFICEID,CARID,IMPORTDATE,IMPORTQUANTITY) values ('1','29',to_date('02-OCT-19','DD-MON-RR'),45);
Insert into WAREHOUSE_IMPORTS (OFFICEID,CARID,IMPORTDATE,IMPORTQUANTITY) values ('1','1',to_date('12-FEB-14','DD-MON-RR'),47);
Insert into WAREHOUSE_IMPORTS (OFFICEID,CARID,IMPORTDATE,IMPORTQUANTITY) values ('1','26',to_date('13-FEB-11','DD-MON-RR'),50);
Insert into WAREHOUSE_IMPORTS (OFFICEID,CARID,IMPORTDATE,IMPORTQUANTITY) values ('1','29',to_date('20-OCT-12','DD-MON-RR'),18);
Insert into WAREHOUSE_IMPORTS (OFFICEID,CARID,IMPORTDATE,IMPORTQUANTITY) values ('1','23',to_date('12-AUG-14','DD-MON-RR'),49);
Insert into WAREHOUSE_IMPORTS (OFFICEID,CARID,IMPORTDATE,IMPORTQUANTITY) values ('1','30',to_date('22-FEB-20','DD-MON-RR'),15);
Insert into WAREHOUSE_IMPORTS (OFFICEID,CARID,IMPORTDATE,IMPORTQUANTITY) values ('1','23',to_date('05-NOV-16','DD-MON-RR'),16);
Insert into WAREHOUSE_IMPORTS (OFFICEID,CARID,IMPORTDATE,IMPORTQUANTITY) values ('1','11',to_date('06-MAY-18','DD-MON-RR'),22);
Insert into WAREHOUSE_IMPORTS (OFFICEID,CARID,IMPORTDATE,IMPORTQUANTITY) values ('1','22',to_date('30-DEC-19','DD-MON-RR'),40);
Insert into WAREHOUSE_IMPORTS (OFFICEID,CARID,IMPORTDATE,IMPORTQUANTITY) values ('1','19',to_date('24-OCT-22','DD-MON-RR'),10);
Insert into WAREHOUSE_IMPORTS (OFFICEID,CARID,IMPORTDATE,IMPORTQUANTITY) values ('1','23',to_date('24-DEC-10','DD-MON-RR'),43);
Insert into WAREHOUSE_IMPORTS (OFFICEID,CARID,IMPORTDATE,IMPORTQUANTITY) values ('1','30',to_date('18-JUL-21','DD-MON-RR'),25);
Insert into WAREHOUSE_IMPORTS (OFFICEID,CARID,IMPORTDATE,IMPORTQUANTITY) values ('1','26',to_date('09-MAR-18','DD-MON-RR'),10);
Insert into WAREHOUSE_IMPORTS (OFFICEID,CARID,IMPORTDATE,IMPORTQUANTITY) values ('1','26',to_date('27-MAY-11','DD-MON-RR'),49);
Insert into WAREHOUSE_IMPORTS (OFFICEID,CARID,IMPORTDATE,IMPORTQUANTITY) values ('1','21',to_date('29-MAR-17','DD-MON-RR'),13);
Insert into WAREHOUSE_IMPORTS (OFFICEID,CARID,IMPORTDATE,IMPORTQUANTITY) values ('1','5',to_date('17-APR-13','DD-MON-RR'),22);
Insert into WAREHOUSE_IMPORTS (OFFICEID,CARID,IMPORTDATE,IMPORTQUANTITY) values ('1','1',to_date('07-JUN-12','DD-MON-RR'),45);

-- WAREHOUSE_MANAGES
SET DEFINE OFF;
Insert into WAREHOUSE_MANAGES (OFFICEID,CARID,QUANTITY) values ('1','1',2);
Insert into WAREHOUSE_MANAGES (OFFICEID,CARID,QUANTITY) values ('1','2',17);
Insert into WAREHOUSE_MANAGES (OFFICEID,CARID,QUANTITY) values ('1','3',31);
Insert into WAREHOUSE_MANAGES (OFFICEID,CARID,QUANTITY) values ('1','4',12);
Insert into WAREHOUSE_MANAGES (OFFICEID,CARID,QUANTITY) values ('1','5',35);
Insert into WAREHOUSE_MANAGES (OFFICEID,CARID,QUANTITY) values ('1','6',45);
Insert into WAREHOUSE_MANAGES (OFFICEID,CARID,QUANTITY) values ('1','7',43);
Insert into WAREHOUSE_MANAGES (OFFICEID,CARID,QUANTITY) values ('1','8',23);
Insert into WAREHOUSE_MANAGES (OFFICEID,CARID,QUANTITY) values ('1','9',47);
Insert into WAREHOUSE_MANAGES (OFFICEID,CARID,QUANTITY) values ('1','10',22);
Insert into WAREHOUSE_MANAGES (OFFICEID,CARID,QUANTITY) values ('1','11',20);
Insert into WAREHOUSE_MANAGES (OFFICEID,CARID,QUANTITY) values ('1','12',0);
Insert into WAREHOUSE_MANAGES (OFFICEID,CARID,QUANTITY) values ('1','13',33);
Insert into WAREHOUSE_MANAGES (OFFICEID,CARID,QUANTITY) values ('1','14',18);
Insert into WAREHOUSE_MANAGES (OFFICEID,CARID,QUANTITY) values ('1','15',45);
Insert into WAREHOUSE_MANAGES (OFFICEID,CARID,QUANTITY) values ('1','16',10);
Insert into WAREHOUSE_MANAGES (OFFICEID,CARID,QUANTITY) values ('1','17',6);
Insert into WAREHOUSE_MANAGES (OFFICEID,CARID,QUANTITY) values ('1','18',40);
Insert into WAREHOUSE_MANAGES (OFFICEID,CARID,QUANTITY) values ('1','19',47);
Insert into WAREHOUSE_MANAGES (OFFICEID,CARID,QUANTITY) values ('1','20',48);
Insert into WAREHOUSE_MANAGES (OFFICEID,CARID,QUANTITY) values ('1','21',6);
Insert into WAREHOUSE_MANAGES (OFFICEID,CARID,QUANTITY) values ('1','22',46);
Insert into WAREHOUSE_MANAGES (OFFICEID,CARID,QUANTITY) values ('1','23',14);
Insert into WAREHOUSE_MANAGES (OFFICEID,CARID,QUANTITY) values ('1','24',30);
Insert into WAREHOUSE_MANAGES (OFFICEID,CARID,QUANTITY) values ('1','25',2);
Insert into WAREHOUSE_MANAGES (OFFICEID,CARID,QUANTITY) values ('1','26',38);
Insert into WAREHOUSE_MANAGES (OFFICEID,CARID,QUANTITY) values ('1','27',48);
Insert into WAREHOUSE_MANAGES (OFFICEID,CARID,QUANTITY) values ('1','28',31);
Insert into WAREHOUSE_MANAGES (OFFICEID,CARID,QUANTITY) values ('1','29',0);
Insert into WAREHOUSE_MANAGES (OFFICEID,CARID,QUANTITY) values ('1','30',31);

COMMIT;