-- office 2
/*
DROP TABLE "PAYMENT_DETAILS" cascade constraints;
DROP TABLE "PAYMENTS" cascade constraints;
DROP TABLE "WAREHOUSE_IMPORTS" cascade constraints;
DROP TABLE "WAREHOUSE_MANAGES" cascade constraints;
DROP TABLE "EMPLOYEES" cascade constraints;
DROP TABLE "CUSTOMERS" cascade constraints;
DROP TABLE "CARS" cascade constraints;
DROP TABLE "OFFICES" cascade constraints;
*/
/*
SELECT * FROM OFFICES;
SELECT * FROM CARS;
SELECT * FROM CUSTOMERS;
SELECT * FROM EMPLOYEES;
SELECT * FROM PAYMENTS;
SELECT * FROM PAYMENT_DETAILS;
SELECT * FROM WAREHOUSE_MANAGES;
SELECT * FROM WAREHOUSE_IMPORTS;
*/

  CREATE TABLE "OFFICES" 
   (	
    "OFFICEID" VARCHAR2(10), 
	"CITY" VARCHAR2(200), 
	"HOTLINE" VARCHAR2(50),
	CONSTRAINT "OFFICES_PK" PRIMARY KEY ("OFFICEID")
   );

  CREATE TABLE "CARS" 
   (	
    "CARID" VARCHAR2(10), 
	"CARNAME" VARCHAR2(50), 
	"VENDOR" VARCHAR2(50), 
	"PRICE" NUMBER,
	CONSTRAINT "CARS_PK" PRIMARY KEY ("CARID")
   );

  CREATE TABLE "CUSTOMERS" 
   (	
    "CUSID" VARCHAR2(10), 
	"CUSNAME" VARCHAR2(50), 
	"CUSGENDER" VARCHAR2(50), 
	"CUSBIRTH" DATE, 
	"CUSPHONE" VARCHAR2(50), 
	"CUSADDRESS" VARCHAR2(50),
	CONSTRAINT "CUSTOMERS_PK" PRIMARY KEY ("CUSID")
   );

  CREATE TABLE "EMPLOYEES" 
   (	
    "EMPID" VARCHAR2(10), 
	"OFFICEID" VARCHAR2(10), 
	"EMPNAME" VARCHAR2(50), 
	"EMPGENDER" VARCHAR2(50), 
	"EMPBIRTH" DATE, 
	"EMPADDRESS" VARCHAR2(50), 
	"EMPPHONE" VARCHAR2(50), 
	"EMPSALARY" NUMBER,
	CONSTRAINT "EMPLOYEES_PK" PRIMARY KEY ("EMPID"),
	CONSTRAINT "EMPLOYEES_FK" FOREIGN KEY ("OFFICEID") REFERENCES "OFFICES" ("OFFICEID")
   );

  CREATE TABLE "PAYMENTS" 
   (	
    "PAYMENTID" VARCHAR2(10), 
	"CUSID" VARCHAR2(10), 
    	"EMPID" VARCHAR2(10), 
	"PAYMENTDATE" DATE, 
	"TOTALPRICE" NUMBER,
	CONSTRAINT "PAYMENTS_PK" PRIMARY KEY ("PAYMENTID"),
	CONSTRAINT "PAYMENTS_FK" FOREIGN KEY ("CUSID") REFERENCES "CUSTOMERS" ("CUSID"),
	CONSTRAINT "PAYMENTS_FK_2" FOREIGN KEY ("EMPID") REFERENCES "EMPLOYEES" ("EMPID")
   );

  CREATE TABLE "PAYMENT_DETAILS" 
   (	
    "PAYMENTID" VARCHAR2(10), 
	"CARID" VARCHAR2(10), 
	"EXPORTQUANTITY" NUMBER, 
	"PRICEDETAIL" NUMBER,
	CONSTRAINT "PAYMENT_DETAILS_PK" PRIMARY KEY ("PAYMENTID", "CARID"),
    CONSTRAINT "PAYMENT_DETAILS_FK_1" FOREIGN KEY ("PAYMENTID") REFERENCES "PAYMENTS" ("PAYMENTID"),
	CONSTRAINT "PAYMENT_DETAILS_FK_2" FOREIGN KEY ("CARID") REFERENCES "CARS" ("CARID")
   );

  CREATE TABLE "WAREHOUSE_IMPORTS" 
   (	
    "OFFICEID" VARCHAR2(10), 
	"CARID" VARCHAR2(10), 
	"IMPORTDATE" DATE, 
	"IMPORTQUANTITY" NUMBER,
	CONSTRAINT "WH_IMPORTS_PK" PRIMARY KEY ("OFFICEID", "CARID", "IMPORTDATE"),
    CONSTRAINT "WH_IMPORTS_FK_1" FOREIGN KEY ("OFFICEID") REFERENCES "OFFICES" ("OFFICEID"),
    CONSTRAINT "WH_IMPORTS_FK_2" FOREIGN KEY ("CARID") REFERENCES "CARS" ("CARID")
   );

  CREATE TABLE "WAREHOUSE_MANAGES" 
   (	
    "OFFICEID" VARCHAR2(10), 
	"CARID" VARCHAR2(10), 
	"QUANTITY" NUMBER,
	CONSTRAINT "WH_MANAGES_PK" PRIMARY KEY ("OFFICEID", "CARID"),
    CONSTRAINT "WH_MANAGES_FK_1" FOREIGN KEY ("OFFICEID") REFERENCES "OFFICES" ("OFFICEID"),
    CONSTRAINT "WH_MANAGES_FK_2" FOREIGN KEY ("CARID") REFERENCES "CARS" ("CARID")
   );

-- OFFICES
SET DEFINE OFF;
Insert into OFFICES (OFFICEID,CITY,HOTLINE) values ('2','Paris','7771231232');

-- CARS
SET DEFINE OFF;
Insert into CARS (CARID,CARNAME,VENDOR,PRICE) values ('1','Mirage','Mitsubishi',24500);
Insert into CARS (CARID,CARNAME,VENDOR,PRICE) values ('2','Daytona','Dodge',43600);
Insert into CARS (CARID,CARNAME,VENDOR,PRICE) values ('3','Pathfinder','Nissan',18700);
Insert into CARS (CARID,CARNAME,VENDOR,PRICE) values ('4','4Runner','Toyota',46800);
Insert into CARS (CARID,CARNAME,VENDOR,PRICE) values ('5','300ZX','Nissan',31000);
Insert into CARS (CARID,CARNAME,VENDOR,PRICE) values ('6','Jimmy','GMC',34400);
Insert into CARS (CARID,CARNAME,VENDOR,PRICE) values ('7','Panamera','Porsche',14700);
Insert into CARS (CARID,CARNAME,VENDOR,PRICE) values ('8','Freelander','Land Rover',43100);
Insert into CARS (CARID,CARNAME,VENDOR,PRICE) values ('9','Sidekick','Suzuki',42500);
Insert into CARS (CARID,CARNAME,VENDOR,PRICE) values ('10','Roadster','Tesla',38300);
Insert into CARS (CARID,CARNAME,VENDOR,PRICE) values ('11','Impreza','Subaru',33900);
Insert into CARS (CARID,CARNAME,VENDOR,PRICE) values ('12','G-Series G30','Chevrolet',19800);
Insert into CARS (CARID,CARNAME,VENDOR,PRICE) values ('13','ZDX','Acura',32000);
Insert into CARS (CARID,CARNAME,VENDOR,PRICE) values ('14','CLK-Class','Mercedes-Benz',23200);
Insert into CARS (CARID,CARNAME,VENDOR,PRICE) values ('15','Ram 1500','Dodge',48100);
Insert into CARS (CARID,CARNAME,VENDOR,PRICE) values ('16','Ranger','Ford',35200);
Insert into CARS (CARID,CARNAME,VENDOR,PRICE) values ('17','Explorer','Ford',12100);
Insert into CARS (CARID,CARNAME,VENDOR,PRICE) values ('18','Thunderbird','Ford',35300);
Insert into CARS (CARID,CARNAME,VENDOR,PRICE) values ('19','Summit','Eagle',38400);
Insert into CARS (CARID,CARNAME,VENDOR,PRICE) values ('20','LHS','Chrysler',44800);
Insert into CARS (CARID,CARNAME,VENDOR,PRICE) values ('21','Express 1500','Chevrolet',49500);
Insert into CARS (CARID,CARNAME,VENDOR,PRICE) values ('22','Space','Mitsubishi',38800);
Insert into CARS (CARID,CARNAME,VENDOR,PRICE) values ('23','Edge','Ford',13900);
Insert into CARS (CARID,CARNAME,VENDOR,PRICE) values ('24','Bonneville','Pontiac',34000);
Insert into CARS (CARID,CARNAME,VENDOR,PRICE) values ('25','Diamante','Mitsubishi',49200);
Insert into CARS (CARID,CARNAME,VENDOR,PRICE) values ('26','Bronco II','Ford',22500);
Insert into CARS (CARID,CARNAME,VENDOR,PRICE) values ('27','SC','Lexus',26900);
Insert into CARS (CARID,CARNAME,VENDOR,PRICE) values ('28','RSX','Acura',46800);
Insert into CARS (CARID,CARNAME,VENDOR,PRICE) values ('29','Z4','BMW',27500);
Insert into CARS (CARID,CARNAME,VENDOR,PRICE) values ('30','H3','Hummer',23200);

-- CUSTOMERS
SET DEFINE OFF;
Insert into CUSTOMERS (CUSID,CUSNAME,CUSGENDER,CUSBIRTH,CUSPHONE,CUSADDRESS) values ('1','Selene Grieves','Female',to_date('26-APR-92','DD-MON-RR'),'8203058328','03097 Blue Bill Park Court');
Insert into CUSTOMERS (CUSID,CUSNAME,CUSGENDER,CUSBIRTH,CUSPHONE,CUSADDRESS) values ('2','Kasey Haibel','Female',to_date('05-NOV-96','DD-MON-RR'),'4014337973','51165 Paget Plaza');
Insert into CUSTOMERS (CUSID,CUSNAME,CUSGENDER,CUSBIRTH,CUSPHONE,CUSADDRESS) values ('3','Shaughn Guille','Male',to_date('17-AUG-95','DD-MON-RR'),'5633153005','8 Anderson Trail');
Insert into CUSTOMERS (CUSID,CUSNAME,CUSGENDER,CUSBIRTH,CUSPHONE,CUSADDRESS) values ('4','Nikoletta Sponder','Female',to_date('24-SEP-95','DD-MON-RR'),'8581804749','24523 Jenifer Plaza');
Insert into CUSTOMERS (CUSID,CUSNAME,CUSGENDER,CUSBIRTH,CUSPHONE,CUSADDRESS) values ('5','Garrott McCawley','Male',to_date('06-OCT-94','DD-MON-RR'),'2615108932','078 Charing Cross Court');
Insert into CUSTOMERS (CUSID,CUSNAME,CUSGENDER,CUSBIRTH,CUSPHONE,CUSADDRESS) values ('6','Rora Shildrick','Female',to_date('02-OCT-94','DD-MON-RR'),'3928867505','33 Village Green Street');
Insert into CUSTOMERS (CUSID,CUSNAME,CUSGENDER,CUSBIRTH,CUSPHONE,CUSADDRESS) values ('7','Adena Prater','Female',to_date('10-DEC-90','DD-MON-RR'),'8302298731','2 Clemons Center');
Insert into CUSTOMERS (CUSID,CUSNAME,CUSGENDER,CUSBIRTH,CUSPHONE,CUSADDRESS) values ('8','Nolan Van Waadenburg','Male',to_date('02-MAY-95','DD-MON-RR'),'2816431723','44177 Pond Circle');
Insert into CUSTOMERS (CUSID,CUSNAME,CUSGENDER,CUSBIRTH,CUSPHONE,CUSADDRESS) values ('9','Brady Rudyard','Male',to_date('06-MAY-97','DD-MON-RR'),'1923237498','23914 Coolidge Street');
Insert into CUSTOMERS (CUSID,CUSNAME,CUSGENDER,CUSBIRTH,CUSPHONE,CUSADDRESS) values ('10','Levin Neljes','Male',to_date('30-JUL-94','DD-MON-RR'),'6747213865','3841 Reinke Avenue');
Insert into CUSTOMERS (CUSID,CUSNAME,CUSGENDER,CUSBIRTH,CUSPHONE,CUSADDRESS) values ('11','Chev Noods','Male',to_date('28-JAN-97','DD-MON-RR'),'3222862143','1581 Fairview Alley');
Insert into CUSTOMERS (CUSID,CUSNAME,CUSGENDER,CUSBIRTH,CUSPHONE,CUSADDRESS) values ('12','Tanhya Andreou','Female',to_date('02-MAR-95','DD-MON-RR'),'2185780404','22093 Susan Hill');
Insert into CUSTOMERS (CUSID,CUSNAME,CUSGENDER,CUSBIRTH,CUSPHONE,CUSADDRESS) values ('13','Sibbie Gipp','Female',to_date('02-AUG-96','DD-MON-RR'),'9905483628','801 Blackbird Court');
Insert into CUSTOMERS (CUSID,CUSNAME,CUSGENDER,CUSBIRTH,CUSPHONE,CUSADDRESS) values ('14','Fanny Cadalleder','Female',to_date('03-NOV-92','DD-MON-RR'),'7878779813','92 Marcy Point');
Insert into CUSTOMERS (CUSID,CUSNAME,CUSGENDER,CUSBIRTH,CUSPHONE,CUSADDRESS) values ('15','Milka Hume','Female',to_date('21-JUN-94','DD-MON-RR'),'6156016685','1 Maple Wood Hill');
Insert into CUSTOMERS (CUSID,CUSNAME,CUSGENDER,CUSBIRTH,CUSPHONE,CUSADDRESS) values ('16','Marion Stebbins','Male',to_date('01-DEC-90','DD-MON-RR'),'8419336281','260 Homewood Terrace');
Insert into CUSTOMERS (CUSID,CUSNAME,CUSGENDER,CUSBIRTH,CUSPHONE,CUSADDRESS) values ('17','Jan Thring','Male',to_date('18-AUG-95','DD-MON-RR'),'6562933564','251 Scott Place');
Insert into CUSTOMERS (CUSID,CUSNAME,CUSGENDER,CUSBIRTH,CUSPHONE,CUSADDRESS) values ('18','Ailene Meneghelli','Female',to_date('22-OCT-94','DD-MON-RR'),'5206259812','288 Onsgard Street');
Insert into CUSTOMERS (CUSID,CUSNAME,CUSGENDER,CUSBIRTH,CUSPHONE,CUSADDRESS) values ('19','Gisele Choppin','Female',to_date('22-APR-01','DD-MON-RR'),'7538553445','32065 Hoard Terrace');
Insert into CUSTOMERS (CUSID,CUSNAME,CUSGENDER,CUSBIRTH,CUSPHONE,CUSADDRESS) values ('20','Josephine McWhin','Female',to_date('10-MAR-93','DD-MON-RR'),'4337299430','702 Reindahl Park');
Insert into CUSTOMERS (CUSID,CUSNAME,CUSGENDER,CUSBIRTH,CUSPHONE,CUSADDRESS) values ('21','Alisha Hiskey','Female',to_date('18-APR-95','DD-MON-RR'),'5656540131','6 Lunder Way');
Insert into CUSTOMERS (CUSID,CUSNAME,CUSGENDER,CUSBIRTH,CUSPHONE,CUSADDRESS) values ('22','Olwen Doyley','Female',to_date('17-JUL-96','DD-MON-RR'),'9034309836','72 Petterle Street');
Insert into CUSTOMERS (CUSID,CUSNAME,CUSGENDER,CUSBIRTH,CUSPHONE,CUSADDRESS) values ('23','Aleksandr McNutt','Male',to_date('05-JUN-00','DD-MON-RR'),'2138878478','228 Namekagon Place');
Insert into CUSTOMERS (CUSID,CUSNAME,CUSGENDER,CUSBIRTH,CUSPHONE,CUSADDRESS) values ('24','Spense Redsull','Male',to_date('05-JUL-00','DD-MON-RR'),'2227526960','774 Lakewood Drive');
Insert into CUSTOMERS (CUSID,CUSNAME,CUSGENDER,CUSBIRTH,CUSPHONE,CUSADDRESS) values ('25','Lizzie Bolin','Female',to_date('18-AUG-92','DD-MON-RR'),'4602535405','26580 Myrtle Way');
Insert into CUSTOMERS (CUSID,CUSNAME,CUSGENDER,CUSBIRTH,CUSPHONE,CUSADDRESS) values ('26','Maryanne Swendell','Female',to_date('14-OCT-97','DD-MON-RR'),'6521963290','72209 Spohn Junction');
Insert into CUSTOMERS (CUSID,CUSNAME,CUSGENDER,CUSBIRTH,CUSPHONE,CUSADDRESS) values ('27','Alvera Frankiss','Female',to_date('21-AUG-98','DD-MON-RR'),'5048465933','3935 Maywood Park');
Insert into CUSTOMERS (CUSID,CUSNAME,CUSGENDER,CUSBIRTH,CUSPHONE,CUSADDRESS) values ('28','Nerty Engel','Female',to_date('05-FEB-94','DD-MON-RR'),'1915747153','343 Johnson Point');
Insert into CUSTOMERS (CUSID,CUSNAME,CUSGENDER,CUSBIRTH,CUSPHONE,CUSADDRESS) values ('29','Morten Basnett','Male',to_date('30-SEP-91','DD-MON-RR'),'5416638577','7544 Dwight Alley');
Insert into CUSTOMERS (CUSID,CUSNAME,CUSGENDER,CUSBIRTH,CUSPHONE,CUSADDRESS) values ('30','Padriac Dobsons','Male',to_date('21-OCT-95','DD-MON-RR'),'6833560492','48 Merrick Avenue');
Insert into CUSTOMERS (CUSID,CUSNAME,CUSGENDER,CUSBIRTH,CUSPHONE,CUSADDRESS) values ('31','Sandye Putt','Female',to_date('19-JUL-91','DD-MON-RR'),'8438783329','59 Merry Circle');
Insert into CUSTOMERS (CUSID,CUSNAME,CUSGENDER,CUSBIRTH,CUSPHONE,CUSADDRESS) values ('32','Baird Hakonsson','Male',to_date('21-JAN-96','DD-MON-RR'),'8613563557','4145 Sommers Court');
Insert into CUSTOMERS (CUSID,CUSNAME,CUSGENDER,CUSBIRTH,CUSPHONE,CUSADDRESS) values ('33','Duky Kibbel','Male',to_date('19-DEC-98','DD-MON-RR'),'8085162681','0703 Russell Street');
Insert into CUSTOMERS (CUSID,CUSNAME,CUSGENDER,CUSBIRTH,CUSPHONE,CUSADDRESS) values ('34','Glynda Sawter','Female',to_date('16-OCT-93','DD-MON-RR'),'4246702318','80152 Oak Way');
Insert into CUSTOMERS (CUSID,CUSNAME,CUSGENDER,CUSBIRTH,CUSPHONE,CUSADDRESS) values ('35','Ernest Domniney','Male',to_date('15-JAN-93','DD-MON-RR'),'4846063088','90740 Everett Trail');
Insert into CUSTOMERS (CUSID,CUSNAME,CUSGENDER,CUSBIRTH,CUSPHONE,CUSADDRESS) values ('36','Culver Grenkov','Male',to_date('11-MAR-96','DD-MON-RR'),'2346378280','8228 Merrick Pass');
Insert into CUSTOMERS (CUSID,CUSNAME,CUSGENDER,CUSBIRTH,CUSPHONE,CUSADDRESS) values ('37','Aron Standfield','Male',to_date('20-FEB-98','DD-MON-RR'),'2992277916','0218 Longview Terrace');
Insert into CUSTOMERS (CUSID,CUSNAME,CUSGENDER,CUSBIRTH,CUSPHONE,CUSADDRESS) values ('38','Sibylle Shutle','Female',to_date('03-JAN-00','DD-MON-RR'),'9511285450','911 Rutledge Parkway');
Insert into CUSTOMERS (CUSID,CUSNAME,CUSGENDER,CUSBIRTH,CUSPHONE,CUSADDRESS) values ('39','Hobard Paolo','Male',to_date('04-NOV-96','DD-MON-RR'),'5498379145','63788 Armistice Alley');
Insert into CUSTOMERS (CUSID,CUSNAME,CUSGENDER,CUSBIRTH,CUSPHONE,CUSADDRESS) values ('40','Jonathan Galvan','Male',to_date('26-FEB-95','DD-MON-RR'),'9211386857','88 Anzinger Terrace');
Insert into CUSTOMERS (CUSID,CUSNAME,CUSGENDER,CUSBIRTH,CUSPHONE,CUSADDRESS) values ('41','Wileen Carnall','Female',to_date('15-JAN-93','DD-MON-RR'),'6176976445','40908 Pepper Wood Point');
Insert into CUSTOMERS (CUSID,CUSNAME,CUSGENDER,CUSBIRTH,CUSPHONE,CUSADDRESS) values ('42','Annadiane Mamwell','Female',to_date('17-SEP-96','DD-MON-RR'),'2633713993','189 Dottie Junction');
Insert into CUSTOMERS (CUSID,CUSNAME,CUSGENDER,CUSBIRTH,CUSPHONE,CUSADDRESS) values ('43','Elias Lefridge','Male',to_date('10-OCT-92','DD-MON-RR'),'9915280214','90336 Northland Terrace');
Insert into CUSTOMERS (CUSID,CUSNAME,CUSGENDER,CUSBIRTH,CUSPHONE,CUSADDRESS) values ('44','Penrod Coursor','Male',to_date('06-JUN-98','DD-MON-RR'),'9265214895','4 Pepper Wood Lane');
Insert into CUSTOMERS (CUSID,CUSNAME,CUSGENDER,CUSBIRTH,CUSPHONE,CUSADDRESS) values ('45','Winna Keer','Female',to_date('25-DEC-99','DD-MON-RR'),'9464671266','97006 Butterfield Park');
Insert into CUSTOMERS (CUSID,CUSNAME,CUSGENDER,CUSBIRTH,CUSPHONE,CUSADDRESS) values ('46','Hadrian Sommerly','Male',to_date('04-OCT-91','DD-MON-RR'),'7324443114','2 Ronald Regan Avenue');
Insert into CUSTOMERS (CUSID,CUSNAME,CUSGENDER,CUSBIRTH,CUSPHONE,CUSADDRESS) values ('47','Ariela MacDermid','Female',to_date('17-MAR-99','DD-MON-RR'),'6857766923','8585 Morrow Avenue');
Insert into CUSTOMERS (CUSID,CUSNAME,CUSGENDER,CUSBIRTH,CUSPHONE,CUSADDRESS) values ('48','Rusty Vallerine','Male',to_date('02-SEP-91','DD-MON-RR'),'8832490515','3 Ridgeway Point');
Insert into CUSTOMERS (CUSID,CUSNAME,CUSGENDER,CUSBIRTH,CUSPHONE,CUSADDRESS) values ('49','Al Philbrick','Male',to_date('02-DEC-98','DD-MON-RR'),'5626860146','31 Magdeline Crossing');
Insert into CUSTOMERS (CUSID,CUSNAME,CUSGENDER,CUSBIRTH,CUSPHONE,CUSADDRESS) values ('50','Felisha Cavie','Female',to_date('05-JUN-99','DD-MON-RR'),'7686838019','2 Fairfield Center');
Insert into CUSTOMERS (CUSID,CUSNAME,CUSGENDER,CUSBIRTH,CUSPHONE,CUSADDRESS) values ('51','Darby Chetham','Male',to_date('30-MAY-99','DD-MON-RR'),'3956901414','6 Starling Crossing');
Insert into CUSTOMERS (CUSID,CUSNAME,CUSGENDER,CUSBIRTH,CUSPHONE,CUSADDRESS) values ('52','Edita Atley','Female',to_date('15-OCT-98','DD-MON-RR'),'8192862798','7492 Mendota Pass');
Insert into CUSTOMERS (CUSID,CUSNAME,CUSGENDER,CUSBIRTH,CUSPHONE,CUSADDRESS) values ('53','Benjamin Caine','Male',to_date('24-APR-94','DD-MON-RR'),'2766021787','433 Daystar Way');
Insert into CUSTOMERS (CUSID,CUSNAME,CUSGENDER,CUSBIRTH,CUSPHONE,CUSADDRESS) values ('54','Alvan Sill','Male',to_date('12-APR-91','DD-MON-RR'),'1543085897','18531 Porter Circle');
Insert into CUSTOMERS (CUSID,CUSNAME,CUSGENDER,CUSBIRTH,CUSPHONE,CUSADDRESS) values ('55','Isacco Brownsill','Male',to_date('03-OCT-92','DD-MON-RR'),'7487074891','14 Blaine Parkway');
Insert into CUSTOMERS (CUSID,CUSNAME,CUSGENDER,CUSBIRTH,CUSPHONE,CUSADDRESS) values ('56','Terra Neem','Female',to_date('29-SEP-95','DD-MON-RR'),'7105227008','73 Nancy Terrace');
Insert into CUSTOMERS (CUSID,CUSNAME,CUSGENDER,CUSBIRTH,CUSPHONE,CUSADDRESS) values ('57','Jillie Borborough','Female',to_date('28-DEC-97','DD-MON-RR'),'2897748376','1 Texas Court');
Insert into CUSTOMERS (CUSID,CUSNAME,CUSGENDER,CUSBIRTH,CUSPHONE,CUSADDRESS) values ('58','Dalenna Osgordby','Female',to_date('03-MAY-01','DD-MON-RR'),'7973774021','132 Graedel Place');
Insert into CUSTOMERS (CUSID,CUSNAME,CUSGENDER,CUSBIRTH,CUSPHONE,CUSADDRESS) values ('59','Yvon McKeon','Male',to_date('13-JUN-01','DD-MON-RR'),'2428046151','8999 Lyons Parkway');
Insert into CUSTOMERS (CUSID,CUSNAME,CUSGENDER,CUSBIRTH,CUSPHONE,CUSADDRESS) values ('60','Reginauld Benoist','Male',to_date('26-FEB-91','DD-MON-RR'),'9679916617','68902 Crowley Circle');
Insert into CUSTOMERS (CUSID,CUSNAME,CUSGENDER,CUSBIRTH,CUSPHONE,CUSADDRESS) values ('61','Marissa Hedworth','Female',to_date('22-DEC-90','DD-MON-RR'),'2287199211','1150 Swallow Avenue');
Insert into CUSTOMERS (CUSID,CUSNAME,CUSGENDER,CUSBIRTH,CUSPHONE,CUSADDRESS) values ('62','Alleyn Robers','Male',to_date('05-APR-97','DD-MON-RR'),'7114432937','99504 Heffernan Terrace');
Insert into CUSTOMERS (CUSID,CUSNAME,CUSGENDER,CUSBIRTH,CUSPHONE,CUSADDRESS) values ('63','Myrna Calley','Female',to_date('17-OCT-95','DD-MON-RR'),'4048367054','08749 Green Ridge Crossing');
Insert into CUSTOMERS (CUSID,CUSNAME,CUSGENDER,CUSBIRTH,CUSPHONE,CUSADDRESS) values ('64','Nickolaus Gozzard','Male',to_date('19-SEP-00','DD-MON-RR'),'4289861256','1849 Autumn Leaf Avenue');
Insert into CUSTOMERS (CUSID,CUSNAME,CUSGENDER,CUSBIRTH,CUSPHONE,CUSADDRESS) values ('65','Valeda Boshere','Female',to_date('10-APR-00','DD-MON-RR'),'9298848437','45 Fair Oaks Point');
Insert into CUSTOMERS (CUSID,CUSNAME,CUSGENDER,CUSBIRTH,CUSPHONE,CUSADDRESS) values ('66','Alberto Fardoe','Male',to_date('12-AUG-99','DD-MON-RR'),'4238075132','4181 Welch Alley');
Insert into CUSTOMERS (CUSID,CUSNAME,CUSGENDER,CUSBIRTH,CUSPHONE,CUSADDRESS) values ('67','Mel Gonzalo','Male',to_date('09-FEB-94','DD-MON-RR'),'5411813868','033 Ramsey Parkway');
Insert into CUSTOMERS (CUSID,CUSNAME,CUSGENDER,CUSBIRTH,CUSPHONE,CUSADDRESS) values ('68','Faber Assel','Male',to_date('10-JAN-94','DD-MON-RR'),'5547652609','9 Old Shore Avenue');
Insert into CUSTOMERS (CUSID,CUSNAME,CUSGENDER,CUSBIRTH,CUSPHONE,CUSADDRESS) values ('69','Joey Drews','Male',to_date('05-NOV-93','DD-MON-RR'),'9822960078','746 Fulton Parkway');
Insert into CUSTOMERS (CUSID,CUSNAME,CUSGENDER,CUSBIRTH,CUSPHONE,CUSADDRESS) values ('70','Chalmers O''Murtagh','Male',to_date('04-JUL-92','DD-MON-RR'),'7945888956','1089 Pennsylvania Parkway');
Insert into CUSTOMERS (CUSID,CUSNAME,CUSGENDER,CUSBIRTH,CUSPHONE,CUSADDRESS) values ('71','Matthew MacColl','Male',to_date('27-MAY-96','DD-MON-RR'),'7385282667','67 Westerfield Lane');
Insert into CUSTOMERS (CUSID,CUSNAME,CUSGENDER,CUSBIRTH,CUSPHONE,CUSADDRESS) values ('72','Homer Beckingham','Male',to_date('25-APR-96','DD-MON-RR'),'8484139469','25072 Waubesa Avenue');
Insert into CUSTOMERS (CUSID,CUSNAME,CUSGENDER,CUSBIRTH,CUSPHONE,CUSADDRESS) values ('73','Leora Tattersall','Female',to_date('03-NOV-95','DD-MON-RR'),'2544538317','54 Eastlawn Pass');
Insert into CUSTOMERS (CUSID,CUSNAME,CUSGENDER,CUSBIRTH,CUSPHONE,CUSADDRESS) values ('74','Dreddy Targetter','Female',to_date('12-AUG-98','DD-MON-RR'),'6193211134','4637 Kedzie Court');
Insert into CUSTOMERS (CUSID,CUSNAME,CUSGENDER,CUSBIRTH,CUSPHONE,CUSADDRESS) values ('75','Meade Bonsall','Female',to_date('14-NOV-98','DD-MON-RR'),'3722102827','95898 Warbler Trail');
Insert into CUSTOMERS (CUSID,CUSNAME,CUSGENDER,CUSBIRTH,CUSPHONE,CUSADDRESS) values ('76','Delila McCafferky','Female',to_date('11-JAN-95','DD-MON-RR'),'6494788080','4393 Anderson Circle');
Insert into CUSTOMERS (CUSID,CUSNAME,CUSGENDER,CUSBIRTH,CUSPHONE,CUSADDRESS) values ('77','Bird Cardenas','Female',to_date('11-SEP-96','DD-MON-RR'),'9322132142','09 South Center');
Insert into CUSTOMERS (CUSID,CUSNAME,CUSGENDER,CUSBIRTH,CUSPHONE,CUSADDRESS) values ('78','Cyril Turmell','Male',to_date('04-DEC-97','DD-MON-RR'),'9643115236','331 Rieder Hill');
Insert into CUSTOMERS (CUSID,CUSNAME,CUSGENDER,CUSBIRTH,CUSPHONE,CUSADDRESS) values ('79','Jazmin Scarff','Female',to_date('13-MAR-98','DD-MON-RR'),'9444219630','8 Brentwood Crossing');
Insert into CUSTOMERS (CUSID,CUSNAME,CUSGENDER,CUSBIRTH,CUSPHONE,CUSADDRESS) values ('80','Wilhelmina Oventon','Female',to_date('26-SEP-93','DD-MON-RR'),'7304714691','393 Hagan Trail');
Insert into CUSTOMERS (CUSID,CUSNAME,CUSGENDER,CUSBIRTH,CUSPHONE,CUSADDRESS) values ('81','Damian Sokell','Male',to_date('06-FEB-98','DD-MON-RR'),'5241030761','6719 Maywood Terrace');
Insert into CUSTOMERS (CUSID,CUSNAME,CUSGENDER,CUSBIRTH,CUSPHONE,CUSADDRESS) values ('82','Domingo Keese','Male',to_date('21-JAN-91','DD-MON-RR'),'5533290008','0 Badeau Plaza');
Insert into CUSTOMERS (CUSID,CUSNAME,CUSGENDER,CUSBIRTH,CUSPHONE,CUSADDRESS) values ('83','Antony Birdis','Male',to_date('26-DEC-92','DD-MON-RR'),'2545409975','349 Laurel Pass');
Insert into CUSTOMERS (CUSID,CUSNAME,CUSGENDER,CUSBIRTH,CUSPHONE,CUSADDRESS) values ('84','Ciel Whellans','Female',to_date('10-APR-01','DD-MON-RR'),'6229838153','07915 Pleasure Plaza');
Insert into CUSTOMERS (CUSID,CUSNAME,CUSGENDER,CUSBIRTH,CUSPHONE,CUSADDRESS) values ('85','Guenna Willerton','Female',to_date('22-JAN-93','DD-MON-RR'),'2785688657','66 Hanson Pass');
Insert into CUSTOMERS (CUSID,CUSNAME,CUSGENDER,CUSBIRTH,CUSPHONE,CUSADDRESS) values ('86','Anastasia Heyworth','Female',to_date('17-JUN-93','DD-MON-RR'),'6406382851','66441 Rockefeller Junction');
Insert into CUSTOMERS (CUSID,CUSNAME,CUSGENDER,CUSBIRTH,CUSPHONE,CUSADDRESS) values ('87','Winn Corless','Male',to_date('16-OCT-96','DD-MON-RR'),'4308815630','4109 Northland Street');
Insert into CUSTOMERS (CUSID,CUSNAME,CUSGENDER,CUSBIRTH,CUSPHONE,CUSADDRESS) values ('88','Nealon Parchment','Male',to_date('28-FEB-91','DD-MON-RR'),'5403170274','59055 Briar Crest Road');
Insert into CUSTOMERS (CUSID,CUSNAME,CUSGENDER,CUSBIRTH,CUSPHONE,CUSADDRESS) values ('89','Domenico Gobeaux','Male',to_date('14-FEB-99','DD-MON-RR'),'5062573759','3573 Grayhawk Pass');
Insert into CUSTOMERS (CUSID,CUSNAME,CUSGENDER,CUSBIRTH,CUSPHONE,CUSADDRESS) values ('90','Gaven Halwill','Male',to_date('04-JUN-93','DD-MON-RR'),'2457901611','94519 Calypso Drive');
Insert into CUSTOMERS (CUSID,CUSNAME,CUSGENDER,CUSBIRTH,CUSPHONE,CUSADDRESS) values ('91','Herbie Goucher','Male',to_date('04-FEB-95','DD-MON-RR'),'3285963638','72 Butterfield Alley');
Insert into CUSTOMERS (CUSID,CUSNAME,CUSGENDER,CUSBIRTH,CUSPHONE,CUSADDRESS) values ('92','Lancelot Riddiough','Male',to_date('16-FEB-99','DD-MON-RR'),'7362895873','341 Montana Point');
Insert into CUSTOMERS (CUSID,CUSNAME,CUSGENDER,CUSBIRTH,CUSPHONE,CUSADDRESS) values ('93','Julio Aloigi','Male',to_date('26-JAN-95','DD-MON-RR'),'2534086416','0544 Arrowood Terrace');
Insert into CUSTOMERS (CUSID,CUSNAME,CUSGENDER,CUSBIRTH,CUSPHONE,CUSADDRESS) values ('94','Holly-anne Bewsy','Female',to_date('21-APR-91','DD-MON-RR'),'5261741901','4 Spaight Plaza');
Insert into CUSTOMERS (CUSID,CUSNAME,CUSGENDER,CUSBIRTH,CUSPHONE,CUSADDRESS) values ('95','Rooney Noddles','Male',to_date('10-MAR-00','DD-MON-RR'),'2567323401','9092 Mcguire Avenue');
Insert into CUSTOMERS (CUSID,CUSNAME,CUSGENDER,CUSBIRTH,CUSPHONE,CUSADDRESS) values ('96','Lisa Claringbold','Female',to_date('11-OCT-00','DD-MON-RR'),'3125525518','535 Moose Point');
Insert into CUSTOMERS (CUSID,CUSNAME,CUSGENDER,CUSBIRTH,CUSPHONE,CUSADDRESS) values ('97','Dolorita Ace','Female',to_date('08-NOV-94','DD-MON-RR'),'9147202959','2 Memorial Crossing');
Insert into CUSTOMERS (CUSID,CUSNAME,CUSGENDER,CUSBIRTH,CUSPHONE,CUSADDRESS) values ('98','Nestor Necrews','Male',to_date('12-SEP-99','DD-MON-RR'),'5403259556','43 Maple Wood Pass');
Insert into CUSTOMERS (CUSID,CUSNAME,CUSGENDER,CUSBIRTH,CUSPHONE,CUSADDRESS) values ('99','Salomone Dudley','Male',to_date('03-MAY-93','DD-MON-RR'),'1159080298','983 Messerschmidt Plaza');
Insert into CUSTOMERS (CUSID,CUSNAME,CUSGENDER,CUSBIRTH,CUSPHONE,CUSADDRESS) values ('100','Alvinia Calleja','Female',to_date('15-MAR-00','DD-MON-RR'),'2076897726','8182 Express Park');

-- EMPLOYEES
SET DEFINE OFF;
Insert into EMPLOYEES (EMPID,OFFICEID,EMPNAME,EMPGENDER,EMPBIRTH,EMPADDRESS,EMPPHONE,EMPSALARY) values ('2','2','Julita Culter','Female',to_date('04-FEB-03','DD-MON-RR'),'2 Katie Avenue','5046123563',1400);
Insert into EMPLOYEES (EMPID,OFFICEID,EMPNAME,EMPGENDER,EMPBIRTH,EMPADDRESS,EMPPHONE,EMPSALARY) values ('3','2','Helenka Dightham','Female',to_date('11-APR-02','DD-MON-RR'),'443 Anhalt Park','9805885367',1680);
Insert into EMPLOYEES (EMPID,OFFICEID,EMPNAME,EMPGENDER,EMPBIRTH,EMPADDRESS,EMPPHONE,EMPSALARY) values ('5','2','Suellen Romke','Female',to_date('03-AUG-00','DD-MON-RR'),'67 Center Terrace','3542337060',1890);
Insert into EMPLOYEES (EMPID,OFFICEID,EMPNAME,EMPGENDER,EMPBIRTH,EMPADDRESS,EMPPHONE,EMPSALARY) values ('6','2','Selinda Screen','Female',to_date('08-JUL-02','DD-MON-RR'),'0 Montana Trail','6918755371',1490);
Insert into EMPLOYEES (EMPID,OFFICEID,EMPNAME,EMPGENDER,EMPBIRTH,EMPADDRESS,EMPPHONE,EMPSALARY) values ('7','2','Baird Asker','Male',to_date('02-APR-04','DD-MON-RR'),'1 Corry Alley','4536318323',1680);
Insert into EMPLOYEES (EMPID,OFFICEID,EMPNAME,EMPGENDER,EMPBIRTH,EMPADDRESS,EMPPHONE,EMPSALARY) values ('9','2','Herby Ruffle','Male',to_date('20-JUL-00','DD-MON-RR'),'6 Hoard Avenue','4682914976',1650);
Insert into EMPLOYEES (EMPID,OFFICEID,EMPNAME,EMPGENDER,EMPBIRTH,EMPADDRESS,EMPPHONE,EMPSALARY) values ('12','2','Marcelo Toon','Male',to_date('25-JUL-01','DD-MON-RR'),'3710 Melrose Drive','3806184984',930);
Insert into EMPLOYEES (EMPID,OFFICEID,EMPNAME,EMPGENDER,EMPBIRTH,EMPADDRESS,EMPPHONE,EMPSALARY) values ('14','2','Cooper Bowart','Male',to_date('26-OCT-02','DD-MON-RR'),'64 Monument Drive','9094622260',840);
Insert into EMPLOYEES (EMPID,OFFICEID,EMPNAME,EMPGENDER,EMPBIRTH,EMPADDRESS,EMPPHONE,EMPSALARY) values ('15','2','Barthel Sellens','Male',to_date('20-SEP-02','DD-MON-RR'),'1420 Evergreen Plaza','4119172038',1490);
Insert into EMPLOYEES (EMPID,OFFICEID,EMPNAME,EMPGENDER,EMPBIRTH,EMPADDRESS,EMPPHONE,EMPSALARY) values ('19','2','Shir Berge','Female',to_date('10-MAR-00','DD-MON-RR'),'29910 Dixon Avenue','3803097092',1180);
Insert into EMPLOYEES (EMPID,OFFICEID,EMPNAME,EMPGENDER,EMPBIRTH,EMPADDRESS,EMPPHONE,EMPSALARY) values ('22','2','Cthrine Dimbleby','Female',to_date('25-JUN-01','DD-MON-RR'),'316 Sugar Alley','1374972346',1560);
Insert into EMPLOYEES (EMPID,OFFICEID,EMPNAME,EMPGENDER,EMPBIRTH,EMPADDRESS,EMPPHONE,EMPSALARY) values ('24','2','Arleyne Mullis','Female',to_date('03-SEP-01','DD-MON-RR'),'2648 Shasta Pass','9007648552',1050);
Insert into EMPLOYEES (EMPID,OFFICEID,EMPNAME,EMPGENDER,EMPBIRTH,EMPADDRESS,EMPPHONE,EMPSALARY) values ('25','2','Wylie Hindmore','Male',to_date('26-JUL-03','DD-MON-RR'),'43460 Old Shore Pass','5184067517',1440);
Insert into EMPLOYEES (EMPID,OFFICEID,EMPNAME,EMPGENDER,EMPBIRTH,EMPADDRESS,EMPPHONE,EMPSALARY) values ('29','2','Hamlin Siddeley','Male',to_date('14-MAY-00','DD-MON-RR'),'4957 Vernon Park','6448862693',920);
Insert into EMPLOYEES (EMPID,OFFICEID,EMPNAME,EMPGENDER,EMPBIRTH,EMPADDRESS,EMPPHONE,EMPSALARY) values ('30','2','Iain Allen','Male',to_date('09-NOV-03','DD-MON-RR'),'36720 Prairie Rose Plaza','6829878232',1280);
Insert into EMPLOYEES (EMPID,OFFICEID,EMPNAME,EMPGENDER,EMPBIRTH,EMPADDRESS,EMPPHONE,EMPSALARY) values ('32','2','Wendie Beveridge','Female',to_date('12-MAR-03','DD-MON-RR'),'7830 Artisan Street','6673546380',1460);
Insert into EMPLOYEES (EMPID,OFFICEID,EMPNAME,EMPGENDER,EMPBIRTH,EMPADDRESS,EMPPHONE,EMPSALARY) values ('34','2','Dew Cleeves','Male',to_date('22-NOV-02','DD-MON-RR'),'0 Kingsford Street','2348077838',1720);
Insert into EMPLOYEES (EMPID,OFFICEID,EMPNAME,EMPGENDER,EMPBIRTH,EMPADDRESS,EMPPHONE,EMPSALARY) values ('35','2','Garth Gatenby','Male',to_date('03-MAY-00','DD-MON-RR'),'7522 Comanche Park','4034434366',610);
Insert into EMPLOYEES (EMPID,OFFICEID,EMPNAME,EMPGENDER,EMPBIRTH,EMPADDRESS,EMPPHONE,EMPSALARY) values ('37','2','Jarid Wace','Male',to_date('15-DEC-99','DD-MON-RR'),'9 Westend Trail','6337897288',820);
Insert into EMPLOYEES (EMPID,OFFICEID,EMPNAME,EMPGENDER,EMPBIRTH,EMPADDRESS,EMPPHONE,EMPSALARY) values ('38','2','Maisey Breed','Female',to_date('22-JUL-05','DD-MON-RR'),'5 Ridgeway Alley','8461034560',540);

-- PAYMENTS
SET DEFINE OFF;
Insert into PAYMENTS (PAYMENTID,CUSID,EMPID,PAYMENTDATE,TOTALPRICE) values ('4','40','15',to_date('20-DEC-16','DD-MON-RR'),268800);
Insert into PAYMENTS (PAYMENTID,CUSID,EMPID,PAYMENTDATE,TOTALPRICE) values ('7','28','29',to_date('03-NOV-12','DD-MON-RR'),270600);
Insert into PAYMENTS (PAYMENTID,CUSID,EMPID,PAYMENTDATE,TOTALPRICE) values ('14','79','2',to_date('11-AUG-12','DD-MON-RR'),135600);
Insert into PAYMENTS (PAYMENTID,CUSID,EMPID,PAYMENTDATE,TOTALPRICE) values ('15','53','37',to_date('27-APR-18','DD-MON-RR'),129300);
Insert into PAYMENTS (PAYMENTID,CUSID,EMPID,PAYMENTDATE,TOTALPRICE) values ('16','32','34',to_date('08-JAN-14','DD-MON-RR'),282000);
Insert into PAYMENTS (PAYMENTID,CUSID,EMPID,PAYMENTDATE,TOTALPRICE) values ('17','6','15',to_date('05-AUG-16','DD-MON-RR'),99000);
Insert into PAYMENTS (PAYMENTID,CUSID,EMPID,PAYMENTDATE,TOTALPRICE) values ('20','65','34',to_date('25-SEP-21','DD-MON-RR'),206200);
Insert into PAYMENTS (PAYMENTID,CUSID,EMPID,PAYMENTDATE,TOTALPRICE) values ('24','41','34',to_date('05-JUL-15','DD-MON-RR'),146200);
Insert into PAYMENTS (PAYMENTID,CUSID,EMPID,PAYMENTDATE,TOTALPRICE) values ('28','21','6',to_date('24-JUL-20','DD-MON-RR'),49500);
Insert into PAYMENTS (PAYMENTID,CUSID,EMPID,PAYMENTDATE,TOTALPRICE) values ('30','9','3',to_date('26-OCT-16','DD-MON-RR'),135100);
Insert into PAYMENTS (PAYMENTID,CUSID,EMPID,PAYMENTDATE,TOTALPRICE) values ('31','90','30',to_date('04-SEP-19','DD-MON-RR'),33900);
Insert into PAYMENTS (PAYMENTID,CUSID,EMPID,PAYMENTDATE,TOTALPRICE) values ('34','77','24',to_date('25-AUG-16','DD-MON-RR'),173400);
Insert into PAYMENTS (PAYMENTID,CUSID,EMPID,PAYMENTDATE,TOTALPRICE) values ('35','32','35',to_date('13-SEP-11','DD-MON-RR'),126800);
Insert into PAYMENTS (PAYMENTID,CUSID,EMPID,PAYMENTDATE,TOTALPRICE) values ('38','44','35',to_date('28-APR-16','DD-MON-RR'),134700);
Insert into PAYMENTS (PAYMENTID,CUSID,EMPID,PAYMENTDATE,TOTALPRICE) values ('42','77','37',to_date('07-JAN-22','DD-MON-RR'),123400);
Insert into PAYMENTS (PAYMENTID,CUSID,EMPID,PAYMENTDATE,TOTALPRICE) values ('44','60','7',to_date('26-JUN-17','DD-MON-RR'),128600);
Insert into PAYMENTS (PAYMENTID,CUSID,EMPID,PAYMENTDATE,TOTALPRICE) values ('47','7','32',to_date('07-APR-15','DD-MON-RR'),142600);
Insert into PAYMENTS (PAYMENTID,CUSID,EMPID,PAYMENTDATE,TOTALPRICE) values ('48','70','3',to_date('15-APR-19','DD-MON-RR'),268800);
Insert into PAYMENTS (PAYMENTID,CUSID,EMPID,PAYMENTDATE,TOTALPRICE) values ('49','82','24',to_date('09-JUL-20','DD-MON-RR'),354000);
Insert into PAYMENTS (PAYMENTID,CUSID,EMPID,PAYMENTDATE,TOTALPRICE) values ('56','14','14',to_date('23-SEP-21','DD-MON-RR'),92800);
Insert into PAYMENTS (PAYMENTID,CUSID,EMPID,PAYMENTDATE,TOTALPRICE) values ('57','29','24',to_date('09-FEB-20','DD-MON-RR'),197100);
Insert into PAYMENTS (PAYMENTID,CUSID,EMPID,PAYMENTDATE,TOTALPRICE) values ('60','82','34',to_date('27-JUL-13','DD-MON-RR'),358400);
Insert into PAYMENTS (PAYMENTID,CUSID,EMPID,PAYMENTDATE,TOTALPRICE) values ('63','82','2',to_date('23-JAN-19','DD-MON-RR'),137500);
Insert into PAYMENTS (PAYMENTID,CUSID,EMPID,PAYMENTDATE,TOTALPRICE) values ('64','29','34',to_date('02-JUL-12','DD-MON-RR'),109500);
Insert into PAYMENTS (PAYMENTID,CUSID,EMPID,PAYMENTDATE,TOTALPRICE) values ('66','26','25',to_date('10-JUN-13','DD-MON-RR'),49200);
Insert into PAYMENTS (PAYMENTID,CUSID,EMPID,PAYMENTDATE,TOTALPRICE) values ('67','25','7',to_date('31-JAN-22','DD-MON-RR'),81400);
Insert into PAYMENTS (PAYMENTID,CUSID,EMPID,PAYMENTDATE,TOTALPRICE) values ('70','44','12',to_date('22-SEP-17','DD-MON-RR'),210400);
Insert into PAYMENTS (PAYMENTID,CUSID,EMPID,PAYMENTDATE,TOTALPRICE) values ('74','68','15',to_date('19-NOV-20','DD-MON-RR'),340000);
Insert into PAYMENTS (PAYMENTID,CUSID,EMPID,PAYMENTDATE,TOTALPRICE) values ('77','31','7',to_date('16-FEB-11','DD-MON-RR'),160000);
Insert into PAYMENTS (PAYMENTID,CUSID,EMPID,PAYMENTDATE,TOTALPRICE) values ('78','87','12',to_date('13-OCT-13','DD-MON-RR'),160000);
Insert into PAYMENTS (PAYMENTID,CUSID,EMPID,PAYMENTDATE,TOTALPRICE) values ('79','90','38',to_date('19-SEP-17','DD-MON-RR'),170400);
Insert into PAYMENTS (PAYMENTID,CUSID,EMPID,PAYMENTDATE,TOTALPRICE) values ('81','88','34',to_date('10-JUN-11','DD-MON-RR'),339000);
Insert into PAYMENTS (PAYMENTID,CUSID,EMPID,PAYMENTDATE,TOTALPRICE) values ('84','89','9',to_date('29-AUG-11','DD-MON-RR'),98400);
Insert into PAYMENTS (PAYMENTID,CUSID,EMPID,PAYMENTDATE,TOTALPRICE) values ('86','77','14',to_date('23-APR-20','DD-MON-RR'),36300);
Insert into PAYMENTS (PAYMENTID,CUSID,EMPID,PAYMENTDATE,TOTALPRICE) values ('88','91','3',to_date('11-DEC-15','DD-MON-RR'),123600);
Insert into PAYMENTS (PAYMENTID,CUSID,EMPID,PAYMENTDATE,TOTALPRICE) values ('91','71','30',to_date('04-NOV-19','DD-MON-RR'),255200);
Insert into PAYMENTS (PAYMENTID,CUSID,EMPID,PAYMENTDATE,TOTALPRICE) values ('92','88','34',to_date('15-OCT-15','DD-MON-RR'),61500);
Insert into PAYMENTS (PAYMENTID,CUSID,EMPID,PAYMENTDATE,TOTALPRICE) values ('94','81','6',to_date('08-AUG-11','DD-MON-RR'),235100);
Insert into PAYMENTS (PAYMENTID,CUSID,EMPID,PAYMENTDATE,TOTALPRICE) values ('96','28','34',to_date('15-JUN-16','DD-MON-RR'),98000);
Insert into PAYMENTS (PAYMENTID,CUSID,EMPID,PAYMENTDATE,TOTALPRICE) values ('99','64','38',to_date('13-MAR-15','DD-MON-RR'),222600);

-- PAYMENT_DETAILS
SET DEFINE OFF;
Insert into PAYMENT_DETAILS (PAYMENTID,CARID,EXPORTQUANTITY,PRICEDETAIL) values ('20','18',3,105900);
Insert into PAYMENT_DETAILS (PAYMENTID,CARID,EXPORTQUANTITY,PRICEDETAIL) values ('16','29',4,110000);
Insert into PAYMENT_DETAILS (PAYMENTID,CARID,EXPORTQUANTITY,PRICEDETAIL) values ('48','16',4,140800);
Insert into PAYMENT_DETAILS (PAYMENTID,CARID,EXPORTQUANTITY,PRICEDETAIL) values ('20','27',2,53800);
Insert into PAYMENT_DETAILS (PAYMENTID,CARID,EXPORTQUANTITY,PRICEDETAIL) values ('4','20',1,44800);
Insert into PAYMENT_DETAILS (PAYMENTID,CARID,EXPORTQUANTITY,PRICEDETAIL) values ('7','22',1,38800);
Insert into PAYMENT_DETAILS (PAYMENTID,CARID,EXPORTQUANTITY,PRICEDETAIL) values ('67','8',1,43100);
Insert into PAYMENT_DETAILS (PAYMENTID,CARID,EXPORTQUANTITY,PRICEDETAIL) values ('20','23',2,27800);
Insert into PAYMENT_DETAILS (PAYMENTID,CARID,EXPORTQUANTITY,PRICEDETAIL) values ('79','4',2,93600);
Insert into PAYMENT_DETAILS (PAYMENTID,CARID,EXPORTQUANTITY,PRICEDETAIL) values ('24','10',1,38300);
Insert into PAYMENT_DETAILS (PAYMENTID,CARID,EXPORTQUANTITY,PRICEDETAIL) values ('57','27',3,80700);
Insert into PAYMENT_DETAILS (PAYMENTID,CARID,EXPORTQUANTITY,PRICEDETAIL) values ('64','23',3,41700);
Insert into PAYMENT_DETAILS (PAYMENTID,CARID,EXPORTQUANTITY,PRICEDETAIL) values ('15','8',3,129300);
Insert into PAYMENT_DETAILS (PAYMENTID,CARID,EXPORTQUANTITY,PRICEDETAIL) values ('38','30',5,116000);
Insert into PAYMENT_DETAILS (PAYMENTID,CARID,EXPORTQUANTITY,PRICEDETAIL) values ('7','16',3,105600);
Insert into PAYMENT_DETAILS (PAYMENTID,CARID,EXPORTQUANTITY,PRICEDETAIL) values ('31','11',1,33900);
Insert into PAYMENT_DETAILS (PAYMENTID,CARID,EXPORTQUANTITY,PRICEDETAIL) values ('81','26',2,45000);
Insert into PAYMENT_DETAILS (PAYMENTID,CARID,EXPORTQUANTITY,PRICEDETAIL) values ('49','13',5,160000);
Insert into PAYMENT_DETAILS (PAYMENTID,CARID,EXPORTQUANTITY,PRICEDETAIL) values ('17','12',5,99000);
Insert into PAYMENT_DETAILS (PAYMENTID,CARID,EXPORTQUANTITY,PRICEDETAIL) values ('77','13',5,160000);
Insert into PAYMENT_DETAILS (PAYMENTID,CARID,EXPORTQUANTITY,PRICEDETAIL) values ('34','12',1,19800);
Insert into PAYMENT_DETAILS (PAYMENTID,CARID,EXPORTQUANTITY,PRICEDETAIL) values ('16','6',5,172000);
Insert into PAYMENT_DETAILS (PAYMENTID,CARID,EXPORTQUANTITY,PRICEDETAIL) values ('4','27',4,107600);
Insert into PAYMENT_DETAILS (PAYMENTID,CARID,EXPORTQUANTITY,PRICEDETAIL) values ('38','3',1,18700);
Insert into PAYMENT_DETAILS (PAYMENTID,CARID,EXPORTQUANTITY,PRICEDETAIL) values ('30','29',1,27500);
Insert into PAYMENT_DETAILS (PAYMENTID,CARID,EXPORTQUANTITY,PRICEDETAIL) values ('66','25',1,49200);
Insert into PAYMENT_DETAILS (PAYMENTID,CARID,EXPORTQUANTITY,PRICEDETAIL) values ('56','14',4,92800);
Insert into PAYMENT_DETAILS (PAYMENTID,CARID,EXPORTQUANTITY,PRICEDETAIL) values ('44','9',4,42500);
Insert into PAYMENT_DETAILS (PAYMENTID,CARID,EXPORTQUANTITY,PRICEDETAIL) values ('88','24',1,34000);
Insert into PAYMENT_DETAILS (PAYMENTID,CARID,EXPORTQUANTITY,PRICEDETAIL) values ('20','3',1,18700);
Insert into PAYMENT_DETAILS (PAYMENTID,CARID,EXPORTQUANTITY,PRICEDETAIL) values ('74','9',4,170000);
Insert into PAYMENT_DETAILS (PAYMENTID,CARID,EXPORTQUANTITY,PRICEDETAIL) values ('78','13',5,160000);
Insert into PAYMENT_DETAILS (PAYMENTID,CARID,EXPORTQUANTITY,PRICEDETAIL) values ('57','22',3,116400);
Insert into PAYMENT_DETAILS (PAYMENTID,CARID,EXPORTQUANTITY,PRICEDETAIL) values ('24','1',3,73500);
Insert into PAYMENT_DETAILS (PAYMENTID,CARID,EXPORTQUANTITY,PRICEDETAIL) values ('84','25',2,98400);
Insert into PAYMENT_DETAILS (PAYMENTID,CARID,EXPORTQUANTITY,PRICEDETAIL) values ('7','18',2,70600);
Insert into PAYMENT_DETAILS (PAYMENTID,CARID,EXPORTQUANTITY,PRICEDETAIL) values ('99','6',4,137600);
Insert into PAYMENT_DETAILS (PAYMENTID,CARID,EXPORTQUANTITY,PRICEDETAIL) values ('74','24',5,170000);
Insert into PAYMENT_DETAILS (PAYMENTID,CARID,EXPORTQUANTITY,PRICEDETAIL) values ('88','20',2,89600);
Insert into PAYMENT_DETAILS (PAYMENTID,CARID,EXPORTQUANTITY,PRICEDETAIL) values ('70','11',4,135600);
Insert into PAYMENT_DETAILS (PAYMENTID,CARID,EXPORTQUANTITY,PRICEDETAIL) values ('28','21',1,49500);
Insert into PAYMENT_DETAILS (PAYMENTID,CARID,EXPORTQUANTITY,PRICEDETAIL) values ('47','15',2,96200);
Insert into PAYMENT_DETAILS (PAYMENTID,CARID,EXPORTQUANTITY,PRICEDETAIL) values ('64','11',2,67800);
Insert into PAYMENT_DETAILS (PAYMENTID,CARID,EXPORTQUANTITY,PRICEDETAIL) values ('92','17',1,12100);
Insert into PAYMENT_DETAILS (PAYMENTID,CARID,EXPORTQUANTITY,PRICEDETAIL) values ('35','23',2,27800);
Insert into PAYMENT_DETAILS (PAYMENTID,CARID,EXPORTQUANTITY,PRICEDETAIL) values ('63','29',5,137500);
Insert into PAYMENT_DETAILS (PAYMENTID,CARID,EXPORTQUANTITY,PRICEDETAIL) values ('81','10',4,153200);
Insert into PAYMENT_DETAILS (PAYMENTID,CARID,EXPORTQUANTITY,PRICEDETAIL) values ('94','19',5,192000);
Insert into PAYMENT_DETAILS (PAYMENTID,CARID,EXPORTQUANTITY,PRICEDETAIL) values ('60','16',5,176000);
Insert into PAYMENT_DETAILS (PAYMENTID,CARID,EXPORTQUANTITY,PRICEDETAIL) values ('48','13',4,128000);
Insert into PAYMENT_DETAILS (PAYMENTID,CARID,EXPORTQUANTITY,PRICEDETAIL) values ('14','17',4,48400);
Insert into PAYMENT_DETAILS (PAYMENTID,CARID,EXPORTQUANTITY,PRICEDETAIL) values ('30','27',4,107600);
Insert into PAYMENT_DETAILS (PAYMENTID,CARID,EXPORTQUANTITY,PRICEDETAIL) values ('81','16',4,140800);
Insert into PAYMENT_DETAILS (PAYMENTID,CARID,EXPORTQUANTITY,PRICEDETAIL) values ('70','3',4,74800);
Insert into PAYMENT_DETAILS (PAYMENTID,CARID,EXPORTQUANTITY,PRICEDETAIL) values ('60','14',2,46400);
Insert into PAYMENT_DETAILS (PAYMENTID,CARID,EXPORTQUANTITY,PRICEDETAIL) values ('60','24',4,136000);
Insert into PAYMENT_DETAILS (PAYMENTID,CARID,EXPORTQUANTITY,PRICEDETAIL) values ('86','17',3,36300);
Insert into PAYMENT_DETAILS (PAYMENTID,CARID,EXPORTQUANTITY,PRICEDETAIL) values ('49','22',5,194000);
Insert into PAYMENT_DETAILS (PAYMENTID,CARID,EXPORTQUANTITY,PRICEDETAIL) values ('79','19',1,38400);
Insert into PAYMENT_DETAILS (PAYMENTID,CARID,EXPORTQUANTITY,PRICEDETAIL) values ('35','21',2,99000);
Insert into PAYMENT_DETAILS (PAYMENTID,CARID,EXPORTQUANTITY,PRICEDETAIL) values ('94','8',1,43100);
Insert into PAYMENT_DETAILS (PAYMENTID,CARID,EXPORTQUANTITY,PRICEDETAIL) values ('24','6',1,34400);
Insert into PAYMENT_DETAILS (PAYMENTID,CARID,EXPORTQUANTITY,PRICEDETAIL) values ('92','26',1,22500);
Insert into PAYMENT_DETAILS (PAYMENTID,CARID,EXPORTQUANTITY,PRICEDETAIL) values ('67','10',1,38300);
Insert into PAYMENT_DETAILS (PAYMENTID,CARID,EXPORTQUANTITY,PRICEDETAIL) values ('14','2',2,87200);
Insert into PAYMENT_DETAILS (PAYMENTID,CARID,EXPORTQUANTITY,PRICEDETAIL) values ('4','22',3,116400);
Insert into PAYMENT_DETAILS (PAYMENTID,CARID,EXPORTQUANTITY,PRICEDETAIL) values ('91','23',5,69500);
Insert into PAYMENT_DETAILS (PAYMENTID,CARID,EXPORTQUANTITY,PRICEDETAIL) values ('91','29',3,82500);
Insert into PAYMENT_DETAILS (PAYMENTID,CARID,EXPORTQUANTITY,PRICEDETAIL) values ('42','11',2,67800);
Insert into PAYMENT_DETAILS (PAYMENTID,CARID,EXPORTQUANTITY,PRICEDETAIL) values ('44','2',1,43600);
Insert into PAYMENT_DETAILS (PAYMENTID,CARID,EXPORTQUANTITY,PRICEDETAIL) values ('92','27',1,26900);
Insert into PAYMENT_DETAILS (PAYMENTID,CARID,EXPORTQUANTITY,PRICEDETAIL) values ('7','23',4,55600);
Insert into PAYMENT_DETAILS (PAYMENTID,CARID,EXPORTQUANTITY,PRICEDETAIL) values ('91','6',3,103200);
Insert into PAYMENT_DETAILS (PAYMENTID,CARID,EXPORTQUANTITY,PRICEDETAIL) values ('99','9',2,85000);
Insert into PAYMENT_DETAILS (PAYMENTID,CARID,EXPORTQUANTITY,PRICEDETAIL) values ('34','19',4,153600);
Insert into PAYMENT_DETAILS (PAYMENTID,CARID,EXPORTQUANTITY,PRICEDETAIL) values ('96','1',4,98000);
Insert into PAYMENT_DETAILS (PAYMENTID,CARID,EXPORTQUANTITY,PRICEDETAIL) values ('42','23',4,55600);
Insert into PAYMENT_DETAILS (PAYMENTID,CARID,EXPORTQUANTITY,PRICEDETAIL) values ('47','30',2,46400);

-- WAREHOUSE_IMPORTS
SET DEFINE OFF;
Insert into WAREHOUSE_IMPORTS (OFFICEID,CARID,IMPORTDATE,IMPORTQUANTITY) values ('2','4',to_date('04-OCT-19','DD-MON-RR'),39);
Insert into WAREHOUSE_IMPORTS (OFFICEID,CARID,IMPORTDATE,IMPORTQUANTITY) values ('2','12',to_date('24-JUN-16','DD-MON-RR'),15);
Insert into WAREHOUSE_IMPORTS (OFFICEID,CARID,IMPORTDATE,IMPORTQUANTITY) values ('2','17',to_date('17-JUL-13','DD-MON-RR'),27);
Insert into WAREHOUSE_IMPORTS (OFFICEID,CARID,IMPORTDATE,IMPORTQUANTITY) values ('2','29',to_date('02-JUL-19','DD-MON-RR'),41);
Insert into WAREHOUSE_IMPORTS (OFFICEID,CARID,IMPORTDATE,IMPORTQUANTITY) values ('2','7',to_date('20-JUN-17','DD-MON-RR'),17);
Insert into WAREHOUSE_IMPORTS (OFFICEID,CARID,IMPORTDATE,IMPORTQUANTITY) values ('2','8',to_date('10-MAY-19','DD-MON-RR'),21);
Insert into WAREHOUSE_IMPORTS (OFFICEID,CARID,IMPORTDATE,IMPORTQUANTITY) values ('2','10',to_date('16-OCT-15','DD-MON-RR'),45);
Insert into WAREHOUSE_IMPORTS (OFFICEID,CARID,IMPORTDATE,IMPORTQUANTITY) values ('2','4',to_date('14-JAN-22','DD-MON-RR'),15);
Insert into WAREHOUSE_IMPORTS (OFFICEID,CARID,IMPORTDATE,IMPORTQUANTITY) values ('2','26',to_date('18-DEC-18','DD-MON-RR'),11);
Insert into WAREHOUSE_IMPORTS (OFFICEID,CARID,IMPORTDATE,IMPORTQUANTITY) values ('2','23',to_date('27-JUL-12','DD-MON-RR'),44);
Insert into WAREHOUSE_IMPORTS (OFFICEID,CARID,IMPORTDATE,IMPORTQUANTITY) values ('2','20',to_date('09-MAR-11','DD-MON-RR'),43);
Insert into WAREHOUSE_IMPORTS (OFFICEID,CARID,IMPORTDATE,IMPORTQUANTITY) values ('2','13',to_date('01-NOV-19','DD-MON-RR'),26);
Insert into WAREHOUSE_IMPORTS (OFFICEID,CARID,IMPORTDATE,IMPORTQUANTITY) values ('2','24',to_date('17-DEC-16','DD-MON-RR'),12);
Insert into WAREHOUSE_IMPORTS (OFFICEID,CARID,IMPORTDATE,IMPORTQUANTITY) values ('2','19',to_date('11-FEB-15','DD-MON-RR'),34);
Insert into WAREHOUSE_IMPORTS (OFFICEID,CARID,IMPORTDATE,IMPORTQUANTITY) values ('2','14',to_date('05-OCT-16','DD-MON-RR'),16);
Insert into WAREHOUSE_IMPORTS (OFFICEID,CARID,IMPORTDATE,IMPORTQUANTITY) values ('2','28',to_date('06-JAN-13','DD-MON-RR'),48);
Insert into WAREHOUSE_IMPORTS (OFFICEID,CARID,IMPORTDATE,IMPORTQUANTITY) values ('2','21',to_date('03-DEC-21','DD-MON-RR'),43);
Insert into WAREHOUSE_IMPORTS (OFFICEID,CARID,IMPORTDATE,IMPORTQUANTITY) values ('2','15',to_date('31-MAR-20','DD-MON-RR'),32);
Insert into WAREHOUSE_IMPORTS (OFFICEID,CARID,IMPORTDATE,IMPORTQUANTITY) values ('2','17',to_date('08-SEP-15','DD-MON-RR'),34);
Insert into WAREHOUSE_IMPORTS (OFFICEID,CARID,IMPORTDATE,IMPORTQUANTITY) values ('2','28',to_date('26-MAY-10','DD-MON-RR'),38);
Insert into WAREHOUSE_IMPORTS (OFFICEID,CARID,IMPORTDATE,IMPORTQUANTITY) values ('2','13',to_date('13-JUN-10','DD-MON-RR'),35);
Insert into WAREHOUSE_IMPORTS (OFFICEID,CARID,IMPORTDATE,IMPORTQUANTITY) values ('2','20',to_date('20-NOV-12','DD-MON-RR'),10);
Insert into WAREHOUSE_IMPORTS (OFFICEID,CARID,IMPORTDATE,IMPORTQUANTITY) values ('2','9',to_date('12-MAR-21','DD-MON-RR'),45);
Insert into WAREHOUSE_IMPORTS (OFFICEID,CARID,IMPORTDATE,IMPORTQUANTITY) values ('2','9',to_date('07-MAY-18','DD-MON-RR'),30);
Insert into WAREHOUSE_IMPORTS (OFFICEID,CARID,IMPORTDATE,IMPORTQUANTITY) values ('2','17',to_date('27-MAY-22','DD-MON-RR'),47);
Insert into WAREHOUSE_IMPORTS (OFFICEID,CARID,IMPORTDATE,IMPORTQUANTITY) values ('2','6',to_date('08-NOV-17','DD-MON-RR'),11);
Insert into WAREHOUSE_IMPORTS (OFFICEID,CARID,IMPORTDATE,IMPORTQUANTITY) values ('2','22',to_date('12-JUL-21','DD-MON-RR'),26);

-- WAREHOUSE_MANAGES
SET DEFINE OFF;
Insert into WAREHOUSE_MANAGES (OFFICEID,CARID,QUANTITY) values ('2','1',23);
Insert into WAREHOUSE_MANAGES (OFFICEID,CARID,QUANTITY) values ('2','2',30);
Insert into WAREHOUSE_MANAGES (OFFICEID,CARID,QUANTITY) values ('2','3',6);
Insert into WAREHOUSE_MANAGES (OFFICEID,CARID,QUANTITY) values ('2','4',15);
Insert into WAREHOUSE_MANAGES (OFFICEID,CARID,QUANTITY) values ('2','5',9);
Insert into WAREHOUSE_MANAGES (OFFICEID,CARID,QUANTITY) values ('2','6',33);
Insert into WAREHOUSE_MANAGES (OFFICEID,CARID,QUANTITY) values ('2','7',32);
Insert into WAREHOUSE_MANAGES (OFFICEID,CARID,QUANTITY) values ('2','8',17);
Insert into WAREHOUSE_MANAGES (OFFICEID,CARID,QUANTITY) values ('2','9',19);
Insert into WAREHOUSE_MANAGES (OFFICEID,CARID,QUANTITY) values ('2','10',41);
Insert into WAREHOUSE_MANAGES (OFFICEID,CARID,QUANTITY) values ('2','11',29);
Insert into WAREHOUSE_MANAGES (OFFICEID,CARID,QUANTITY) values ('2','12',1);
Insert into WAREHOUSE_MANAGES (OFFICEID,CARID,QUANTITY) values ('2','13',17);
Insert into WAREHOUSE_MANAGES (OFFICEID,CARID,QUANTITY) values ('2','14',7);
Insert into WAREHOUSE_MANAGES (OFFICEID,CARID,QUANTITY) values ('2','15',43);
Insert into WAREHOUSE_MANAGES (OFFICEID,CARID,QUANTITY) values ('2','16',28);
Insert into WAREHOUSE_MANAGES (OFFICEID,CARID,QUANTITY) values ('2','17',9);
Insert into WAREHOUSE_MANAGES (OFFICEID,CARID,QUANTITY) values ('2','18',42);
Insert into WAREHOUSE_MANAGES (OFFICEID,CARID,QUANTITY) values ('2','19',26);
Insert into WAREHOUSE_MANAGES (OFFICEID,CARID,QUANTITY) values ('2','20',8);
Insert into WAREHOUSE_MANAGES (OFFICEID,CARID,QUANTITY) values ('2','21',23);
Insert into WAREHOUSE_MANAGES (OFFICEID,CARID,QUANTITY) values ('2','22',28);
Insert into WAREHOUSE_MANAGES (OFFICEID,CARID,QUANTITY) values ('2','23',17);
Insert into WAREHOUSE_MANAGES (OFFICEID,CARID,QUANTITY) values ('2','24',44);
Insert into WAREHOUSE_MANAGES (OFFICEID,CARID,QUANTITY) values ('2','25',28);
Insert into WAREHOUSE_MANAGES (OFFICEID,CARID,QUANTITY) values ('2','26',29);
Insert into WAREHOUSE_MANAGES (OFFICEID,CARID,QUANTITY) values ('2','27',48);
Insert into WAREHOUSE_MANAGES (OFFICEID,CARID,QUANTITY) values ('2','28',6);
Insert into WAREHOUSE_MANAGES (OFFICEID,CARID,QUANTITY) values ('2','29',25);
Insert into WAREHOUSE_MANAGES (OFFICEID,CARID,QUANTITY) values ('2','30',26);

COMMIT;